11311,http://demo.kbplus.ac.uk/kbplus/subscriptionDetails/index/11311,Sociological Research Online - Internet (SWETS),17037266,2014-01-01,2014-12-31
11312,http://demo.kbplus.ac.uk/kbplus/subscriptionDetails/index/11312,New England Journal of Medicine - Tier 4B - Academic Clinical Site License - Internet (SWETS),28449803,2014-01-08,2015-07-31
11313,http://demo.kbplus.ac.uk/kbplus/subscriptionDetails/index/11313,Gerontologist - Internet (SWETS),28810115,2014-01-01,2014-12-31
11314,http://demo.kbplus.ac.uk/kbplus/subscriptionDetails/index/11314,Generations - San Francisco - Internet (SWETS),28811715,2014-01-01,2014-12-31
11315,http://demo.kbplus.ac.uk/kbplus/subscriptionDetails/index/11315,Psychology Crime and Law - Internet (SWETS),29785904,2014-01-01,2014-12-31
11316,http://demo.kbplus.ac.uk/kbplus/subscriptionDetails/index/11316,Acta Crystallographica - Sections A & B & C & D & E & F - Internet (SWETS),36185038,2014-01-01,2014-12-31
11317,http://demo.kbplus.ac.uk/kbplus/subscriptionDetails/index/11317,eHRAF World Cultures - Member Institution - Library budget over US$ 5 million - Internet (SWETS),36185224,2014-01-07,2015-06-30
11318,http://demo.kbplus.ac.uk/kbplus/subscriptionDetails/index/11318,RNA - Tier 4 - Internet (SWETS),36185356,2014-01-01,2014-12-31
11319,http://demo.kbplus.ac.uk/kbplus/subscriptionDetails/index/11319,Criminology Package - Online Only - Internet (SWETS),37314184,2014-01-01,2014-12-31
11320,http://demo.kbplus.ac.uk/kbplus/subscriptionDetails/index/11320,Comparative Education Review - Large Higher Education - Internet (SWETS),37452684,2014-01-01,2014-12-31
11321,http://demo.kbplus.ac.uk/kbplus/subscriptionDetails/index/11321,European Educational Research Journal - Internet (SWETS),38763403,2014-01-01,2014-12-31
11322,http://demo.kbplus.ac.uk/kbplus/subscriptionDetails/index/11322,E-Learning and Digital Media - Internet (SWETS),38777901,2014-01-01,2014-12-31
11323,http://demo.kbplus.ac.uk/kbplus/subscriptionDetails/index/11323,Journal of the Learning Sciences - Internet (SWETS),38777927,2014-01-01,2014-12-31
11324,http://demo.kbplus.ac.uk/kbplus/subscriptionDetails/index/11324,Research in Comparative and International Education - Internet (SWETS),38777935,2014-01-01,2014-12-31
11325,http://demo.kbplus.ac.uk/kbplus/subscriptionDetails/index/11325,BEB - International Journal of Bilingual Education and Bilingualism - Internet (SWETS),38777943,2014-01-01,2014-12-31
11326,http://demo.kbplus.ac.uk/kbplus/subscriptionDetails/index/11326,Language Speech and Hearing Services in Schools - Internet (SWETS),39061305,2014-01-01,2014-12-31
11327,http://demo.kbplus.ac.uk/kbplus/subscriptionDetails/index/11327,Journal of Poverty and Social Justice - Internet (SWETS),39176145,2014-01-01,2014-12-31
11328,http://demo.kbplus.ac.uk/kbplus/subscriptionDetails/index/11328,International Journal of Modern Physics B - Internet (SWETS),39772554,2014-01-01,2014-12-31
11329,http://demo.kbplus.ac.uk/kbplus/subscriptionDetails/index/11329,Ecology - Ecological Society of America - Single Site - Large - 3000+ FTE's - Internet (SWETS),40084674,2014-01-01,2014-12-31
11330,http://demo.kbplus.ac.uk/kbplus/subscriptionDetails/index/11330,Africa - Journal Internat African Institute - Internet & Africa Bibliography - Internet (SWETS),40169190,2014-01-01,2014-12-31
11331,http://demo.kbplus.ac.uk/kbplus/subscriptionDetails/index/11331,African Arts - Internet (SWETS),40169220,2014-01-01,2014-12-31
11332,http://demo.kbplus.ac.uk/kbplus/subscriptionDetails/index/11332,Journal of African Cultural Studies - Internet (SWETS),40169238,2014-01-01,2014-12-31
11333,http://demo.kbplus.ac.uk/kbplus/subscriptionDetails/index/11333,Journal of Cold War Studies - Internet (SWETS),40234472,2014-01-01,2014-12-31
11334,http://demo.kbplus.ac.uk/kbplus/subscriptionDetails/index/11334,Home Cultures - Internet (SWETS),41384672,2014-01-01,2014-12-31
11335,http://demo.kbplus.ac.uk/kbplus/subscriptionDetails/index/11335,Journal of Eastern African Studies - Internet (SWETS),42742563,2014-01-01,2014-12-31
11336,http://demo.kbplus.ac.uk/kbplus/subscriptionDetails/index/11336,Nomadic Peoples - Internet (SWETS),43024826,2014-01-01,2014-12-31
11337,http://demo.kbplus.ac.uk/kbplus/subscriptionDetails/index/11337,Evidence and Policy - Internet (SWETS),43252187,2014-01-01,2014-12-31
11338,http://demo.kbplus.ac.uk/kbplus/subscriptionDetails/index/11338,Proceedings of the National Academy of Sciences of the USA - Tier 4 - Internet (SWETS),44877547,2014-01-01,2014-12-31
11339,http://demo.kbplus.ac.uk/kbplus/subscriptionDetails/index/11339,Pediatrics - English Edition - Site License - Tier 3 - Internet (SWETS),45025978,2014-01-01,2014-12-31
11340,http://demo.kbplus.ac.uk/kbplus/subscriptionDetails/index/11340,American Journal of Critical Care - Internet (SWETS),45025986,2014-01-01,2014-12-31
11341,http://demo.kbplus.ac.uk/kbplus/subscriptionDetails/index/11341,Diabetes Care - Alexandria - Multi Site License - Internet (SWETS),45025994,2014-01-01,2014-12-31
11342,http://demo.kbplus.ac.uk/kbplus/subscriptionDetails/index/11342,American Journal of Tropical Medicine and Hygiene - Tier 3 - Internet (SWETS),45026028,2014-01-01,2014-12-31
11343,http://demo.kbplus.ac.uk/kbplus/subscriptionDetails/index/11343,Experimental Biology and Medicine - Internet (SWETS),45026109,2014-01-01,2014-12-31
11344,http://demo.kbplus.ac.uk/kbplus/subscriptionDetails/index/11344,Journal of Nuclear Medicine - Internet (SWETS),45026117,2014-01-01,2014-12-31
11345,http://demo.kbplus.ac.uk/kbplus/subscriptionDetails/index/11345,Molecular Biology of the Cell - Tier 3 - Internet (SWETS),45029175,2014-01-01,2014-12-31
11346,http://demo.kbplus.ac.uk/kbplus/subscriptionDetails/index/11346,Duke Mathematical Journal - Volumes 1-100 - Annual Subscription - Internet (SWETS),45029192,2014-01-01,2014-12-31
11347,http://demo.kbplus.ac.uk/kbplus/subscriptionDetails/index/11347,Annals of Mathematics - Second Series - Internet (SWETS),45029222,2014-01-01,2014-12-31
11348,http://demo.kbplus.ac.uk/kbplus/subscriptionDetails/index/11348,Applied Optics - Internet (SWETS),45029256,2014-01-01,2014-12-31
11349,http://demo.kbplus.ac.uk/kbplus/subscriptionDetails/index/11349,Optics Letters - Internet (SWETS),45029281,2014-01-01,2014-12-31
11350,http://demo.kbplus.ac.uk/kbplus/subscriptionDetails/index/11350,Journal of Cell Biology - Tier 4 - Internet (SWETS),45029299,2014-01-01,2014-12-31
11351,http://demo.kbplus.ac.uk/kbplus/subscriptionDetails/index/11351,Journal of General Physiology - Tier 4 - Internet (SWETS),45029311,2014-01-01,2014-12-31
11352,http://demo.kbplus.ac.uk/kbplus/subscriptionDetails/index/11352,Historical Studies in the Natural Sciences - Internet (SWETS),45029540,2014-01-01,2014-12-31
11353,http://demo.kbplus.ac.uk/kbplus/subscriptionDetails/index/11353,American Naturalist - Large Higher Education - Internet (SWETS),45029591,2014-01-01,2014-12-31
11354,http://demo.kbplus.ac.uk/kbplus/subscriptionDetails/index/11354,Journal of Geology - Large Higher Education - Internet (SWETS),45029621,2014-01-01,2014-12-31
11355,http://demo.kbplus.ac.uk/kbplus/subscriptionDetails/index/11355,International Journal of Men's Health - 1-5000 FTE - Internet (SWETS),45394213,2014-01-01,2014-12-31
11356,http://demo.kbplus.ac.uk/kbplus/subscriptionDetails/index/11356,Journal of the Optic Socie of America-A-Optics Image Scien and Vision - Internet (SWETS),45414834,2014-01-01,2014-12-31
11357,http://demo.kbplus.ac.uk/kbplus/subscriptionDetails/index/11357,Journal of the Optical Society of America - B - Optical Physics - Internet (SWETS),45414851,2014-01-01,2014-12-31
11358,http://demo.kbplus.ac.uk/kbplus/subscriptionDetails/index/11358,Duke Mathematical Journal - Internet (SWETS),45418163,2014-01-01,2014-12-31
11359,http://demo.kbplus.ac.uk/kbplus/subscriptionDetails/index/11359,Bibliographie der Deutschen Sprach und Literaturwissenschaft - Internet (SWETS),45547648,2014-01-01,2014-12-31
11360,http://demo.kbplus.ac.uk/kbplus/subscriptionDetails/index/11360,Journal of Cognitive Neuroscience - Internet (SWETS),45605932,2014-01-01,2014-12-31
11361,http://demo.kbplus.ac.uk/kbplus/subscriptionDetails/index/11361,IDS Bulletin - Internet (SWETS),45664122,2014-01-01,2014-12-31
11362,http://demo.kbplus.ac.uk/kbplus/subscriptionDetails/index/11362,Learning and Teaching - International Jrnl of Higher Education in Social Sciences - Intern (SWETS),45732666,2014-01-01,2014-12-31
11363,http://demo.kbplus.ac.uk/kbplus/subscriptionDetails/index/11363,International Journal of Sustainable Development - 2-3 Simultaneous Users - Internet (SWETS),45803164,2014-01-01,2014-12-31
11364,http://demo.kbplus.ac.uk/kbplus/subscriptionDetails/index/11364,Weather Climate and Society - Internet & Earth Interactions - Internet (SWETS),45803181,2014-01-01,2014-12-31
11365,http://demo.kbplus.ac.uk/kbplus/subscriptionDetails/index/11365,Images - Journal of Jewish Art and Visual Culture - Internet (SWETS),45803199,2014-01-01,2014-12-31
11366,http://demo.kbplus.ac.uk/kbplus/subscriptionDetails/index/11366,Chinese Sociological Review - Internet (SWETS),45804811,2014-01-01,2014-12-31
11367,http://demo.kbplus.ac.uk/kbplus/subscriptionDetails/index/11367,Children Youth and Environments - Internet (SWETS),46209860,2014-01-01,2014-12-31
11368,http://demo.kbplus.ac.uk/kbplus/subscriptionDetails/index/11368,Journal of Adolescent and Adult Literacy - Basic Access License - Internet (SWETS),46543034,2014-01-01,2014-12-31
11369,http://demo.kbplus.ac.uk/kbplus/subscriptionDetails/index/11369,Assessment and Evaluation in Higher Education - Internet (SWETS),46628498,2014-01-01,2014-12-31
11370,http://demo.kbplus.ac.uk/kbplus/subscriptionDetails/index/11370,Journal of Higher Education - Columbus - Internet (SWETS),46628684,2014-01-01,2014-12-31
11371,http://demo.kbplus.ac.uk/kbplus/subscriptionDetails/index/11371,Teaching in Higher Education - Internet (SWETS),46628714,2014-01-01,2014-12-31
11372,http://demo.kbplus.ac.uk/kbplus/subscriptionDetails/index/11372,Trends in Classics - Internet (SWETS),46710747,2014-01-01,2014-12-31
11373,http://demo.kbplus.ac.uk/kbplus/subscriptionDetails/index/11373,Canadian Journal of Earth Sciences - Site License - Internet (SWETS),46918462,2014-01-01,2014-12-31
11374,http://demo.kbplus.ac.uk/kbplus/subscriptionDetails/index/11374,Canadian Journal of Physiology and Pharmacology - Site License - Internet (SWETS),46918470,2014-01-01,2014-12-31
11375,http://demo.kbplus.ac.uk/kbplus/subscriptionDetails/index/11375,Frontiers in Ecology and the Environment - Single Site - Large - 3000+ FTE's - Internet (SWETS),46918500,2014-01-01,2014-12-31
11376,http://demo.kbplus.ac.uk/kbplus/subscriptionDetails/index/11376,Art in Translation - Internet (SWETS),48206256,2014-01-01,2014-12-31
11377,http://demo.kbplus.ac.uk/kbplus/subscriptionDetails/index/11377,CALICO Journal - Internet (SWETS),48215612,2014-01-01,2014-12-31
11378,http://demo.kbplus.ac.uk/kbplus/subscriptionDetails/index/11378,African American Review - Internet (SWETS),48223487,2014-01-01,2014-12-31
11379,http://demo.kbplus.ac.uk/kbplus/subscriptionDetails/index/11379,American Indian Quarterly - MUSE - Internet (SWETS),48223525,2014-01-01,2014-12-31
11380,http://demo.kbplus.ac.uk/kbplus/subscriptionDetails/index/11380,American Jewish History - Internet (SWETS),48223533,2014-01-01,2014-12-31
11381,http://demo.kbplus.ac.uk/kbplus/subscriptionDetails/index/11381,Journal of Asian American Studies - Internet (SWETS),48223542,2014-01-01,2014-12-31
11382,http://demo.kbplus.ac.uk/kbplus/subscriptionDetails/index/11382,Southern Cultures - Internet (SWETS),48223568,2014-01-01,2014-12-31
11383,http://demo.kbplus.ac.uk/kbplus/subscriptionDetails/index/11383,Bulletin of the History of Medicine - Internet (SWETS),48223584,2014-01-01,2014-12-31
11384,http://demo.kbplus.ac.uk/kbplus/subscriptionDetails/index/11384,American Periodicals - Internet (SWETS),48223606,2014-01-01,2014-12-31
11385,http://demo.kbplus.ac.uk/kbplus/subscriptionDetails/index/11385,Essays in Medieval Studies - Internet (SWETS),48223614,2014-01-01,2014-12-31
11386,http://demo.kbplus.ac.uk/kbplus/subscriptionDetails/index/11386,French Colonial History - JSTOR - Full Run - Internet (SWETS),48223649,2014-01-01,2014-12-31
11387,http://demo.kbplus.ac.uk/kbplus/subscriptionDetails/index/11387,Journal of Colonialism and Colonial History - Internet (SWETS),48223657,2014-01-01,2014-12-31
11388,http://demo.kbplus.ac.uk/kbplus/subscriptionDetails/index/11388,New Hibernia Review - Internet (SWETS),48223682,2014-01-01,2014-12-31
11389,http://demo.kbplus.ac.uk/kbplus/subscriptionDetails/index/11389,Studies in Eighteenth Century Culture - East Lansing - MUSE - Internet (SWETS),48223703,2014-01-01,2014-12-31
11390,http://demo.kbplus.ac.uk/kbplus/subscriptionDetails/index/11390,American Journal of Mathematics - Internet (SWETS),48223712,2014-01-01,2014-12-31
11391,http://demo.kbplus.ac.uk/kbplus/subscriptionDetails/index/11391,Advertising and Society Review - Internet (SWETS),48267093,2014-01-01,2014-12-31
11392,http://demo.kbplus.ac.uk/kbplus/subscriptionDetails/index/11392,Journal of Immunology - Single Site - Large - Internet (SWETS),48280014,2014-01-01,2014-12-31
11393,http://demo.kbplus.ac.uk/kbplus/subscriptionDetails/index/11393,American Journal of Psychiatry - Tier 4 - Internet (SWETS),48280031,2014-01-01,2014-12-31
11394,http://demo.kbplus.ac.uk/kbplus/subscriptionDetails/index/11394,American Journal of Clinical Nutrition - Multisite License - Internet (SWETS),48280073,2014-01-01,2014-12-31
11395,http://demo.kbplus.ac.uk/kbplus/subscriptionDetails/index/11395,Blood - Tier 4.6 - Multiple Site - Internet (SWETS),48280082,2014-01-01,2014-12-31
11396,http://demo.kbplus.ac.uk/kbplus/subscriptionDetails/index/11396,Journal of Parasitology - American Society of Parasitologists - Internet (SWETS),48280090,2014-01-01,2014-12-31
11397,http://demo.kbplus.ac.uk/kbplus/subscriptionDetails/index/11397,Investigative Ophthalmology and Visual Science - Internet (SWETS),48280103,2014-01-01,2014-12-31
11398,http://demo.kbplus.ac.uk/kbplus/subscriptionDetails/index/11398,Ecological Applications - Single Site - Large - 3000+ FTE's - Internet (SWETS),48280120,2014-01-01,2014-12-31
11399,http://demo.kbplus.ac.uk/kbplus/subscriptionDetails/index/11399,Ecological Monographs - Single Site - Large - 3000+ FTE's - Internet (SWETS),48280138,2014-01-01,2014-12-31
11400,http://demo.kbplus.ac.uk/kbplus/subscriptionDetails/index/11400,Journal of Economic Entomology - Internet (SWETS),48280146,2014-01-01,2014-12-31
11401,http://demo.kbplus.ac.uk/kbplus/subscriptionDetails/index/11401,Genetics - Tier 3 - Single Site - Internet (SWETS),48280154,2014-01-01,2014-12-31
11402,http://demo.kbplus.ac.uk/kbplus/subscriptionDetails/index/11402,Climate Research - Single Site - Internet (SWETS),48280235,2014-01-01,2014-12-31
11403,http://demo.kbplus.ac.uk/kbplus/subscriptionDetails/index/11403,Radiology - Radiological Society of North America - TIER 3 - Internet (SWETS),48280324,2014-01-01,2014-12-31
11404,http://demo.kbplus.ac.uk/kbplus/subscriptionDetails/index/11404,Optical Engineering - Internet (SWETS),48280359,2014-01-01,2014-12-31
11405,http://demo.kbplus.ac.uk/kbplus/subscriptionDetails/index/11405,International Journal of Developmental Biology - Internet (SWETS),48280367,2014-01-01,2014-12-31
11406,http://demo.kbplus.ac.uk/kbplus/subscriptionDetails/index/11406,Journal fur die Reine und Angewandte Mathematik - Internet (SWETS),48280383,2014-01-01,2014-12-31
11407,http://demo.kbplus.ac.uk/kbplus/subscriptionDetails/index/11407,Journal of Biological Chemistry - TIER 4 - Internet (SWETS),48280448,2014-01-01,2014-12-31
11408,http://demo.kbplus.ac.uk/kbplus/subscriptionDetails/index/11408,Journal of Lipid Research - Internet (SWETS),48280456,2014-01-01,2014-12-31
11409,http://demo.kbplus.ac.uk/kbplus/subscriptionDetails/index/11409,Plant Cell & Plant Physiology & Teaching Tools - Multi Site License - Internet (SWETS),48280464,2014-01-01,2014-12-31
11410,http://demo.kbplus.ac.uk/kbplus/subscriptionDetails/index/11410,Journal of Pharmacology and Experimental Therapeutics - Multi Site License - Internet (SWETS),48280481,2014-01-01,2014-12-31
11411,http://demo.kbplus.ac.uk/kbplus/subscriptionDetails/index/11411,Molecular Pharmacology - Multi Site License - Internet (SWETS),48280499,2014-01-01,2014-12-31
11412,http://demo.kbplus.ac.uk/kbplus/subscriptionDetails/index/11412,Pharmacological Reviews - Multi Site License - Internet (SWETS),48280511,2014-01-01,2014-12-31
11413,http://demo.kbplus.ac.uk/kbplus/subscriptionDetails/index/11413,FASEB Journal - Negotiable - Internet (SWETS),48280529,2014-01-01,2014-12-31
11414,http://demo.kbplus.ac.uk/kbplus/subscriptionDetails/index/11414,Endocrine Reviews - TIER 4 - Internet (SWETS),48280545,2014-01-01,2014-12-31
11415,http://demo.kbplus.ac.uk/kbplus/subscriptionDetails/index/11415,Endocrinology & Molecular Endocrinology - Tier 4 - Internet (SWETS),48280553,2014-01-01,2014-12-31
11416,http://demo.kbplus.ac.uk/kbplus/subscriptionDetails/index/11416,Biochemical Journal - Internet (SWETS),48293094,2014-01-01,2014-12-31
11417,http://demo.kbplus.ac.uk/kbplus/subscriptionDetails/index/11417,Clinical Science - Internet (SWETS),48293124,2014-01-01,2014-12-31
11418,http://demo.kbplus.ac.uk/kbplus/subscriptionDetails/index/11418,European Journal of Endocrinology - Internet (SWETS),48296573,2014-01-01,2014-12-31
11419,http://demo.kbplus.ac.uk/kbplus/subscriptionDetails/index/11419,British Journal of Radiology - Internet - Single Site (SWETS),48296590,2014-01-01,2014-12-31
11420,http://demo.kbplus.ac.uk/kbplus/subscriptionDetails/index/11420,Journal of Cardiovascular Surgery - 401-800 FTE's - Internet (SWETS),48296612,2014-01-01,2014-12-31
11421,http://demo.kbplus.ac.uk/kbplus/subscriptionDetails/index/11421,Annals of the Royal College of Surgeons of England - Internet (SWETS),48296620,2014-01-01,2014-12-31
11422,http://demo.kbplus.ac.uk/kbplus/subscriptionDetails/index/11422,Journal of Endocrinology - Internet (SWETS),48296638,2014-01-01,2014-12-31
11423,http://demo.kbplus.ac.uk/kbplus/subscriptionDetails/index/11423,Journal of Clinical Endocrinology and Metabolism - TIER 4 - Internet (SWETS),48296646,2014-01-01,2014-12-31
11424,http://demo.kbplus.ac.uk/kbplus/subscriptionDetails/index/11424,Infection Control and Hospital Epidemiology - Tier Unknown - Internet (SWETS),48296654,2014-01-01,2014-12-31
11425,http://demo.kbplus.ac.uk/kbplus/subscriptionDetails/index/11425,American Orthoptic Journal - Internet (SWETS),48296671,2014-01-01,2014-12-31
11426,http://demo.kbplus.ac.uk/kbplus/subscriptionDetails/index/11426,Global Responsibility to Protect - Internet (SWETS),48305947,2014-01-01,2014-12-31
11427,http://demo.kbplus.ac.uk/kbplus/subscriptionDetails/index/11427,Environmental Values - Internet (SWETS),48587748,2014-01-01,2014-12-31
11428,http://demo.kbplus.ac.uk/kbplus/subscriptionDetails/index/11428,Nature and Culture - Internet (SWETS),48587756,2014-01-01,2014-12-31
11429,http://demo.kbplus.ac.uk/kbplus/subscriptionDetails/index/11429,Philosophy of Science - Large Higher Education - Internet (SWETS),48590595,2014-01-01,2014-12-31
11430,http://demo.kbplus.ac.uk/kbplus/subscriptionDetails/index/11430,Contemporary Sociology - Internet (SWETS),48597905,2014-01-01,2014-12-31
11431,http://demo.kbplus.ac.uk/kbplus/subscriptionDetails/index/11431,African Security - Internet (SWETS),48599550,2014-01-01,2014-12-31
11432,http://demo.kbplus.ac.uk/kbplus/subscriptionDetails/index/11432,Journal of Social Work in End of Life and Palliative Care - Internet (SWETS),48642200,2014-01-01,2014-12-31
11433,http://demo.kbplus.ac.uk/kbplus/subscriptionDetails/index/11433,Journal of the Atmospheric Sciences - Internet & Earth Interactions - Internet (SWETS),48692126,2014-01-01,2014-12-31
11434,http://demo.kbplus.ac.uk/kbplus/subscriptionDetails/index/11434,Journal of Climate - Internet (SWETS),48692134,2014-01-01,2014-12-31
11435,http://demo.kbplus.ac.uk/kbplus/subscriptionDetails/index/11435,Journal of Physical Oceanography - Internet & Earth Interactions - Internet (SWETS),48692151,2014-01-01,2014-12-31
11436,http://demo.kbplus.ac.uk/kbplus/subscriptionDetails/index/11436,Linguistic Typology - Internet (SWETS),48720073,2014-01-01,2014-12-31
11437,http://demo.kbplus.ac.uk/kbplus/subscriptionDetails/index/11437,Diabetes - American Diabetes Association - Site License - Internet (SWETS),48751182,2014-01-07,2015-06-30
11438,http://demo.kbplus.ac.uk/kbplus/subscriptionDetails/index/11438,Journal of Symbolic Logic & Bulletin of Symbolic Logic - Internet (SWETS),48795197,2014-01-01,2014-12-31
11439,http://demo.kbplus.ac.uk/kbplus/subscriptionDetails/index/11439,Senses and Society - Internet (SWETS),48814434,2014-01-01,2014-12-31
11440,http://demo.kbplus.ac.uk/kbplus/subscriptionDetails/index/11440,Endocrine Society Legacy Archive 1917-1996 - Tier 4 - Annual Maintenance Fee - Internet (SWETS),48891871,2014-01-01,2014-12-31
11441,http://demo.kbplus.ac.uk/kbplus/subscriptionDetails/index/11441,International Journal of Plant Sciences - Botanical Gazette - Large Higher Education-Inter (SWETS),48891897,2014-01-01,2014-12-31
11442,http://demo.kbplus.ac.uk/kbplus/subscriptionDetails/index/11442,Journal of Experimental Medicine - Tier 4 - Internet (SWETS),49157721,2014-01-01,2014-12-31
11443,http://demo.kbplus.ac.uk/kbplus/subscriptionDetails/index/11443,Genome Research - Tier 4 - Internet (SWETS),49353937,2014-01-01,2014-12-31
11444,http://demo.kbplus.ac.uk/kbplus/subscriptionDetails/index/11444,Perspectives on Science - Historical Philosophical and Social - Internet (SWETS),50358297,2014-01-01,2014-12-31
11445,http://demo.kbplus.ac.uk/kbplus/subscriptionDetails/index/11445,Vivarium - Leiden - Internet (SWETS),50433086,2014-01-01,2014-12-31
11446,http://demo.kbplus.ac.uk/kbplus/subscriptionDetails/index/11446,British Journal of Psychiatry - Internet (SWETS),50528389,2014-01-01,2014-12-31
11447,http://demo.kbplus.ac.uk/kbplus/subscriptionDetails/index/11447,Journal of Health Services Research and Policy - Internet (SWETS),50528427,2014-01-01,2014-12-31
11448,http://demo.kbplus.ac.uk/kbplus/subscriptionDetails/index/11448,Journal of Medical Screening - Internet (SWETS),50528435,2014-01-01,2014-12-31
11449,http://demo.kbplus.ac.uk/kbplus/subscriptionDetails/index/11449,Journal of the Royal Society of Medicine - Internet (SWETS),50528443,2014-01-01,2014-12-31
11450,http://demo.kbplus.ac.uk/kbplus/subscriptionDetails/index/11450,Canadian Modern Language Review - Internet (SWETS),50669420,2014-01-01,2014-12-31
11451,http://demo.kbplus.ac.uk/kbplus/subscriptionDetails/index/11451,Camera Obscura - a Journal of Feminism and Film Theory - Internet (SWETS),50708191,2014-01-01,2014-12-31
11452,http://demo.kbplus.ac.uk/kbplus/subscriptionDetails/index/11452,Radical History Review - Internet (SWETS),50794518,2014-01-01,2014-12-31
11453,http://demo.kbplus.ac.uk/kbplus/subscriptionDetails/index/11453,Canadian Journal of Forest Research - Site License - Internet (SWETS),50796112,2014-01-01,2014-12-31
11454,http://demo.kbplus.ac.uk/kbplus/subscriptionDetails/index/11454,Botany - Site License - Internet (SWETS),50796120,2014-01-01,2014-12-31
11455,http://demo.kbplus.ac.uk/kbplus/subscriptionDetails/index/11455,Centralblatt fur das Gesamte Forstwesen - Internet (SWETS),50799366,2012-01-01,2012-12-31
11456,http://demo.kbplus.ac.uk/kbplus/subscriptionDetails/index/11456,Voprosy Iazykovogo Rodstva - Internet (SWETS),51023663,2014-01-01,2014-12-31
11457,http://demo.kbplus.ac.uk/kbplus/subscriptionDetails/index/11457,Dix-Neuf - Journal of the Society of Dix-Neuviemistes - Internet (SWETS),51041734,2014-01-01,2014-12-31
11458,http://demo.kbplus.ac.uk/kbplus/subscriptionDetails/index/11458,Environment and Planning A & B & C & D - Internet (SWETS),51052574,2014-01-01,2014-12-31
11459,http://demo.kbplus.ac.uk/kbplus/subscriptionDetails/index/11459,Anthropology in Action - Internet (SWETS),51081787,2014-01-01,2014-12-31
11460,http://demo.kbplus.ac.uk/kbplus/subscriptionDetails/index/11460,Journal of Romance Studies - Internet (SWETS),51081809,2014-01-01,2014-12-31
11461,http://demo.kbplus.ac.uk/kbplus/subscriptionDetails/index/11461,Quarterly of Applied Mathematics - Internet (SWETS),51137872,2014-01-01,2014-12-31
11462,http://demo.kbplus.ac.uk/kbplus/subscriptionDetails/index/11462,Journal of the European Economic Association - Internet (SWETS),51147273,2014-01-01,2014-12-31
11463,http://demo.kbplus.ac.uk/kbplus/subscriptionDetails/index/11463,American Journal of Botany - Internet (SWETS),51175307,2014-01-01,2014-12-31
11464,http://demo.kbplus.ac.uk/kbplus/subscriptionDetails/index/11464,Chest - Tier 5 - Internet (SWETS),51189294,2014-01-01,2014-12-31
11465,http://demo.kbplus.ac.uk/kbplus/subscriptionDetails/index/11465,Annals of Applied Statistics - Internet (SWETS),51189936,2014-01-01,2014-12-31
11466,http://demo.kbplus.ac.uk/kbplus/subscriptionDetails/index/11466,Annals of Applied Probability - Internet (SWETS),51189944,2014-01-01,2014-12-31
11467,http://demo.kbplus.ac.uk/kbplus/subscriptionDetails/index/11467,Environment and Society - Internet (SWETS),51193470,2014-01-01,2014-12-31
11468,http://demo.kbplus.ac.uk/kbplus/subscriptionDetails/index/11468,Astronomy and Astrophysics - Les Ulis - Internet (SWETS),51249050,2014-01-01,2014-12-31
11469,http://demo.kbplus.ac.uk/kbplus/subscriptionDetails/index/11469,Deutsche Zeitschrift fur Philosophie - Internet (SWETS),51508985,2014-01-01,2014-12-31
11470,http://demo.kbplus.ac.uk/kbplus/subscriptionDetails/index/11470,German Quarterly Package - Online Only - Internet (SWETS),51508993,2014-01-01,2014-12-31
11471,http://demo.kbplus.ac.uk/kbplus/subscriptionDetails/index/11471,History of Religions - Large Higher Education - Internet (SWETS),51509001,2014-01-01,2014-12-31
11472,http://demo.kbplus.ac.uk/kbplus/subscriptionDetails/index/11472,Jahrbuch der Osterreichischen Byzantinistik - Internet (SWETS),51509027,2014-01-01,2014-12-31
11473,http://demo.kbplus.ac.uk/kbplus/subscriptionDetails/index/11473,Research in African Literatures - Internet (SWETS),51509043,2014-01-01,2014-12-31
11474,http://demo.kbplus.ac.uk/kbplus/subscriptionDetails/index/11474,Signs - Journal of Women in Culture and Society - Large Higher Education - Internet (SWETS),51509052,2014-01-04,2015-03-31
11475,http://demo.kbplus.ac.uk/kbplus/subscriptionDetails/index/11475,STUF - Language Typology and Universals - Internet (SWETS),51509060,2014-01-01,2014-12-31
11476,http://demo.kbplus.ac.uk/kbplus/subscriptionDetails/index/11476,Australian and New Zealand Journal of Criminology - Internet (SWETS),51584720,2014-01-01,2014-12-31
11477,http://demo.kbplus.ac.uk/kbplus/subscriptionDetails/index/11477,Philosophy Psychiatry and Psychology - Internet (SWETS),51855073,2014-01-01,2014-12-31
11478,http://demo.kbplus.ac.uk/kbplus/subscriptionDetails/index/11478,Annals of Statistics - Internet (SWETS),52341278,2014-01-01,2014-12-31
11479,http://demo.kbplus.ac.uk/kbplus/subscriptionDetails/index/11479,Journal of GLBT Family Studies - Internet (SWETS),52469495,2014-01-01,2014-12-31
11480,http://demo.kbplus.ac.uk/kbplus/subscriptionDetails/index/11480,GLQ - a Journal of Lesbian and Gay Studies - Internet (SWETS),52606743,2014-01-01,2014-12-31
11481,http://demo.kbplus.ac.uk/kbplus/subscriptionDetails/index/11481,Midland History - Internet (SWETS),52608924,2014-01-01,2014-12-31
11482,http://demo.kbplus.ac.uk/kbplus/subscriptionDetails/index/11482,Families Relationships and Societies - Internet (SWETS),52765396,2014-01-01,2014-12-31
11483,http://demo.kbplus.ac.uk/kbplus/subscriptionDetails/index/11483,ASP Conference Series - Astronomical Society of the Pacific - Tier 4 - Internet (SWETS),52796895,2014-01-01,2014-12-31
11484,http://demo.kbplus.ac.uk/kbplus/subscriptionDetails/index/11484,Genes and Development - Tier 4 - Internet (SWETS),52854917,2014-01-01,2014-12-31
11485,http://demo.kbplus.ac.uk/kbplus/subscriptionDetails/index/11485,Journ of Bone and Joint Surg-A &Case Connect & Essent Surgical Techn-Site Lic-TIER 3-Inter (SWETS),53186713,2014-01-01,2014-12-31
11486,http://demo.kbplus.ac.uk/kbplus/subscriptionDetails/index/11486,Journal of the American Society of Nephrology - Internet (SWETS),53298741,2014-01-01,2014-12-31
11487,http://demo.kbplus.ac.uk/kbplus/subscriptionDetails/index/11487,Molecular and Cellular Proteomics - Internet (SWETS),53298775,2014-01-01,2014-12-31
11488,http://demo.kbplus.ac.uk/kbplus/subscriptionDetails/index/11488,Cell Cycle - Internet (SWETS),53298805,2014-01-01,2014-12-31
11489,http://demo.kbplus.ac.uk/kbplus/subscriptionDetails/index/11489,Current Gene Therapy - Internet (SWETS),53298813,2014-01-01,2014-12-31
11490,http://demo.kbplus.ac.uk/kbplus/subscriptionDetails/index/11490,Reproduction - Internet (SWETS),53298822,2014-01-01,2014-12-31
11491,http://demo.kbplus.ac.uk/kbplus/subscriptionDetails/index/11491,CSH Protocols - Tier 4 - Internet (SWETS),53298848,2014-01-01,2014-12-31
11492,http://demo.kbplus.ac.uk/kbplus/subscriptionDetails/index/11492,CSH Perspectives in Biology - Tier 4 - Internet (SWETS),53298856,2014-01-01,2014-12-31
11493,http://demo.kbplus.ac.uk/kbplus/subscriptionDetails/index/11493,Journal of Clinical Psychiatry - Tier 4 - Internet (SWETS),53298881,2014-01-01,2014-12-31
11494,http://demo.kbplus.ac.uk/kbplus/subscriptionDetails/index/11494,Journal of Histochemistry and Cytochemistry - Internet (SWETS),53298911,2014-01-01,2014-12-31
11495,http://demo.kbplus.ac.uk/kbplus/subscriptionDetails/index/11495,Journal of Motor Behavior - Internet (SWETS),53298937,2014-01-01,2014-12-31
11496,http://demo.kbplus.ac.uk/kbplus/subscriptionDetails/index/11496,Journal of the Philosophy of Sport - Internet (SWETS),53298945,2014-01-01,2014-12-31
11497,http://demo.kbplus.ac.uk/kbplus/subscriptionDetails/index/11497,Biological Chemistry - Internet (SWETS),53298953,2014-01-01,2014-12-31
11498,http://demo.kbplus.ac.uk/kbplus/subscriptionDetails/index/11498,Social Cognition - Internet (SWETS),53298962,2014-01-01,2014-12-31
11499,http://demo.kbplus.ac.uk/kbplus/subscriptionDetails/index/11499,Mammalia - Internet (SWETS),53298988,2014-01-01,2014-12-31
11500,http://demo.kbplus.ac.uk/kbplus/subscriptionDetails/index/11500,Technometrics - Tier 2 - 10000-19999 FTE - Internet (SWETS),53298996,2014-01-01,2014-12-31
11501,http://demo.kbplus.ac.uk/kbplus/subscriptionDetails/index/11501,Journal of Neurosurgery & JNS Spine & JNS Pediatrics - Single Site 2000-4999 FTE - Intern (SWETS),53300877,2014-01-01,2014-12-31
11502,http://demo.kbplus.ac.uk/kbplus/subscriptionDetails/index/11502,Voluntary Sector Review - Internet (SWETS),53313715,2014-01-01,2014-12-31
11503,http://demo.kbplus.ac.uk/kbplus/subscriptionDetails/index/11503,Telos - New York - Internet (SWETS),53429128,2014-01-01,2014-12-31
11504,http://demo.kbplus.ac.uk/kbplus/subscriptionDetails/index/11504,Symbolic Interaction - Journal of the Society for Study of Symb Interac - Basic Acc-Intern (SWETS),53525909,2014-01-01,2014-12-31
11505,http://demo.kbplus.ac.uk/kbplus/subscriptionDetails/index/11505,Canadian Journal of African Studies - Revue Canadienne des Etudes Africaines - Internet (SWETS),53525917,2014-01-01,2014-12-31
11506,http://demo.kbplus.ac.uk/kbplus/subscriptionDetails/index/11506,Discussion Papers of the CEPR - All Papers - Internet (SWETS),53525925,2014-01-01,2014-12-31
11507,http://demo.kbplus.ac.uk/kbplus/subscriptionDetails/index/11507,Journal of Economic Policy Reform - Internet (SWETS),53525942,2014-01-01,2014-12-31
11508,http://demo.kbplus.ac.uk/kbplus/subscriptionDetails/index/11508,Quarterly Journal of Economics - Internet (SWETS),53525950,2014-01-01,2014-12-31
11509,http://demo.kbplus.ac.uk/kbplus/subscriptionDetails/index/11509,Health and Social Work - Internet (SWETS),53526425,2014-01-01,2014-12-31
11510,http://demo.kbplus.ac.uk/kbplus/subscriptionDetails/index/11510,Social Work Research - Internet (SWETS),53526442,2014-01-01,2014-12-31
11511,http://demo.kbplus.ac.uk/kbplus/subscriptionDetails/index/11511,Rural Sociology - Internet (SWETS),53526450,2014-01-01,2014-12-31
11512,http://demo.kbplus.ac.uk/kbplus/subscriptionDetails/index/11512,Social Forces - Internet (SWETS),53526468,2014-01-01,2014-12-31
11513,http://demo.kbplus.ac.uk/kbplus/subscriptionDetails/index/11513,Contributions to the History of Concepts - Internet (SWETS),53530775,2014-01-01,2014-12-31
11514,http://demo.kbplus.ac.uk/kbplus/subscriptionDetails/index/11514,International Review of Victimology - Internet (SWETS),53530881,2014-01-01,2014-12-31
11515,http://demo.kbplus.ac.uk/kbplus/subscriptionDetails/index/11515,NBER Working Paper Series - Full Subscription - Academic Rate - Internet (SWETS),53533057,2014-01-06,2015-05-31
11516,http://demo.kbplus.ac.uk/kbplus/subscriptionDetails/index/11516,Tel Aviv - Journal of the Tel Aviv University Institute of Archaeology - Internet (SWETS),53745933,2014-01-01,2014-12-31
11517,http://demo.kbplus.ac.uk/kbplus/subscriptionDetails/index/11517,Blake - an Illustrated Quarterly - Internet (SWETS),53815630,2014-01-07,2015-06-30
11518,http://demo.kbplus.ac.uk/kbplus/subscriptionDetails/index/11518,Museum History Journal - Internet (SWETS),53815932,2014-01-01,2014-12-31
11519,http://demo.kbplus.ac.uk/kbplus/subscriptionDetails/index/11519,Millennium Jahrbuch - Internet (SWETS),53815958,2014-01-01,2014-12-31
11520,http://demo.kbplus.ac.uk/kbplus/subscriptionDetails/index/11520,Religion and Society - Berghahn - Internet (SWETS),53819449,2014-01-01,2014-12-31
11521,http://demo.kbplus.ac.uk/kbplus/subscriptionDetails/index/11521,Journal for Research in Mathematics Education - Higher Education Large - Internet (SWETS),53819465,2014-01-01,2014-12-31
11522,http://demo.kbplus.ac.uk/kbplus/subscriptionDetails/index/11522,Chinese Historical Review - Internet (SWETS),53819473,2014-01-01,2014-12-31
11523,http://demo.kbplus.ac.uk/kbplus/subscriptionDetails/index/11523,Social Analysis - Internet (SWETS),53819490,2014-01-01,2014-12-31
11524,http://demo.kbplus.ac.uk/kbplus/subscriptionDetails/index/11524,Zeitschrift fur Philosophische Forschung - Internet (SWETS),53819503,2014-01-01,2014-12-31
11525,http://demo.kbplus.ac.uk/kbplus/subscriptionDetails/index/11525,Sacris Erudiri - Internet (SWETS),53827743,2014-01-01,2014-12-31
11526,http://demo.kbplus.ac.uk/kbplus/subscriptionDetails/index/11526,American Journal of Archaeology - Internet (SWETS),53892294,2014-01-01,2014-12-31
11527,http://demo.kbplus.ac.uk/kbplus/subscriptionDetails/index/11527,Expert Review of Vaccines - Internet (SWETS),53926784,2014-01-01,2014-12-31
11528,http://demo.kbplus.ac.uk/kbplus/subscriptionDetails/index/11528,International Yearbook of Futurism Studies - Internet (SWETS),54171345,2014-01-01,2014-12-31
11529,http://demo.kbplus.ac.uk/kbplus/subscriptionDetails/index/11529,London Journal - Internet (SWETS),54222446,2014-01-01,2014-12-31
11530,http://demo.kbplus.ac.uk/kbplus/subscriptionDetails/index/11530,Humanity - Internet (SWETS),54259561,2014-11-01,2015-01-10
11531,http://demo.kbplus.ac.uk/kbplus/subscriptionDetails/index/11531,Annals of Internal Medicine - Tier F - Site License - Internet (SWETS),54401201,2014-01-01,2014-12-31
11532,http://demo.kbplus.ac.uk/kbplus/subscriptionDetails/index/11532,Lyell Collection - Complete Package - Internet (SWETS),54428282,2014-01-01,2014-12-31
11533,http://demo.kbplus.ac.uk/kbplus/subscriptionDetails/index/11533,Exceptional Children - Internet (SWETS),54441059,2014-01-03,2015-02-28
11534,http://demo.kbplus.ac.uk/kbplus/subscriptionDetails/index/11534,Carl Beck Papers in Russian and East European Studies - Internet (SWETS),54444244,2014-01-02,2015-01-31
11535,http://demo.kbplus.ac.uk/kbplus/subscriptionDetails/index/11535,International Yearbook for Tillich Research - Internet (SWETS),54445089,2014-01-01,2014-12-31
11536,http://demo.kbplus.ac.uk/kbplus/subscriptionDetails/index/11536,Dutch Crossing - Internet (SWETS),54473457,2014-01-01,2014-12-31
11537,http://demo.kbplus.ac.uk/kbplus/subscriptionDetails/index/11537,Philosophia Naturalis - Internet (SWETS),54542751,2014-01-01,2014-12-31
11538,http://demo.kbplus.ac.uk/kbplus/subscriptionDetails/index/11538,European Journal for Philosophy of Religion - Internet (SWETS),54592367,2014-01-01,2014-12-31
11539,http://demo.kbplus.ac.uk/kbplus/subscriptionDetails/index/11539,Journal of the Oxford Centre for Buddhist Studies - Internet (SWETS),54602257,2014-01-01,2014-12-31
11540,http://demo.kbplus.ac.uk/kbplus/subscriptionDetails/index/11540,SATS - Northern European Journal of Philosophy - Internet (SWETS),54625460,2014-01-01,2014-12-31
11541,http://demo.kbplus.ac.uk/kbplus/subscriptionDetails/index/11541,Zeitschrift fur Religionswissenschaft - Internet (SWETS),54625974,2014-01-01,2014-12-31
11542,http://demo.kbplus.ac.uk/kbplus/subscriptionDetails/index/11542,Monthly Weather Review - Boston - Internet & Earth Interactions - Internet (SWETS),54631312,2014-01-01,2014-12-31
11543,http://demo.kbplus.ac.uk/kbplus/subscriptionDetails/index/11543,Romance Studies - Internet (SWETS),54673278,2014-01-01,2014-12-31
11544,http://demo.kbplus.ac.uk/kbplus/subscriptionDetails/index/11544,Crossings - Journal of Migration and Culture - Internet (SWETS),54723453,2014-01-01,2014-12-31
11545,http://demo.kbplus.ac.uk/kbplus/subscriptionDetails/index/11545,Longitudinal and Life Course Studies - Internet (SWETS),54725065,2014-03-28,2015-03-27
11546,http://demo.kbplus.ac.uk/kbplus/subscriptionDetails/index/11546,Journal of Forestry  - Internet (SWETS),54999611,2014-01-01,2014-12-31
11547,http://demo.kbplus.ac.uk/kbplus/subscriptionDetails/index/11547,Technology and Culture - Internet (SWETS),55121627,2014-01-01,2014-12-31
11548,http://demo.kbplus.ac.uk/kbplus/subscriptionDetails/index/11548,Basic Income Studies - Internet (SWETS),55134273,2014-01-01,2014-12-31
11549,http://demo.kbplus.ac.uk/kbplus/subscriptionDetails/index/11549,Economists Voice - Internet (SWETS),55134282,2014-01-01,2014-12-31
11550,http://demo.kbplus.ac.uk/kbplus/subscriptionDetails/index/11550,Forum - Journal of Applied Research in Contemporary Politics - Internet (SWETS),55134290,2014-01-01,2014-12-31
11551,http://demo.kbplus.ac.uk/kbplus/subscriptionDetails/index/11551,World Political Science Review - Internet (SWETS),55134312,2014-01-01,2014-12-31
11552,http://demo.kbplus.ac.uk/kbplus/subscriptionDetails/index/11552,Herbmedpro - Internet (SWETS),55151429,2014-01-01,2014-12-31
11553,http://demo.kbplus.ac.uk/kbplus/subscriptionDetails/index/11553,Journal of Nutrition - Single Site - Internet (SWETS),55151437,2014-01-01,2014-12-31
11554,http://demo.kbplus.ac.uk/kbplus/subscriptionDetails/index/11554,Alzheimer's Research and Therapy - Open Access - Internet (SWETS),55151445,2014-01-01,2014-12-31
11555,http://demo.kbplus.ac.uk/kbplus/subscriptionDetails/index/11555,Journal of Alzheimer's Disease - Internet (SWETS),55151453,2014-01-01,2014-12-31
11556,http://demo.kbplus.ac.uk/kbplus/subscriptionDetails/index/11556,Journal of Clinical Investigation - Tier 3 - Internet (SWETS),55151462,2014-01-01,2014-12-31
11557,http://demo.kbplus.ac.uk/kbplus/subscriptionDetails/index/11557,Autophagy - Internet (SWETS),55151470,2014-01-01,2014-12-31
11558,http://demo.kbplus.ac.uk/kbplus/subscriptionDetails/index/11558,Epigenetics - Internet (SWETS),55151488,2014-01-01,2014-12-31
11559,http://demo.kbplus.ac.uk/kbplus/subscriptionDetails/index/11559,Mabs - Internet (SWETS),55151496,2014-01-01,2014-12-31
11560,http://demo.kbplus.ac.uk/kbplus/subscriptionDetails/index/11560,Journal of Leukocyte Biology - Multi Site License - Internet (SWETS),55151500,2014-01-01,2014-12-31
11561,http://demo.kbplus.ac.uk/kbplus/subscriptionDetails/index/11561,Cultural Politics - Internet (SWETS),55151551,2014-01-01,2014-12-31
11562,http://demo.kbplus.ac.uk/kbplus/subscriptionDetails/index/11562,Perception - London - Internet (SWETS),55174437,2014-01-01,2014-12-31
11563,http://demo.kbplus.ac.uk/kbplus/subscriptionDetails/index/11563,Proceedings of the Institution of Mechanical Engineers - A - Internet (SWETS),55174445,2014-01-01,2014-12-31
11564,http://demo.kbplus.ac.uk/kbplus/subscriptionDetails/index/11564,Proceedings of the Institution of Mechanical Engineers - H - Internet (SWETS),55174453,2014-01-01,2014-12-31
11565,http://demo.kbplus.ac.uk/kbplus/subscriptionDetails/index/11565,Annual Review of Applied Linguistics - Internet (SWETS),55269862,2014-01-01,2014-12-31
11566,http://demo.kbplus.ac.uk/kbplus/subscriptionDetails/index/11566,Assessment in Education - Principles Policy and Practice - Internet (SWETS),55269870,2014-01-01,2014-12-31
11567,http://demo.kbplus.ac.uk/kbplus/subscriptionDetails/index/11567,British Educational Research Journal - Internet (SWETS),55269888,2014-01-01,2014-12-31
11568,http://demo.kbplus.ac.uk/kbplus/subscriptionDetails/index/11568,British Journal of Sociology of Education - Internet (SWETS),55269896,2014-01-01,2014-12-31
11569,http://demo.kbplus.ac.uk/kbplus/subscriptionDetails/index/11569,Cambridge Journal of Education - Internet (SWETS),55269900,2014-01-01,2014-12-31
11570,http://demo.kbplus.ac.uk/kbplus/subscriptionDetails/index/11570,Changing English - Studies in Culture and Education - Internet (SWETS),55269926,2014-01-01,2014-12-31
11571,http://demo.kbplus.ac.uk/kbplus/subscriptionDetails/index/11571,Compare - a Journal of Comparative Education and International Education - Internet (SWETS),55269951,2014-01-01,2014-12-31
11572,http://demo.kbplus.ac.uk/kbplus/subscriptionDetails/index/11572,Curriculum Journal - Internet (SWETS),55269969,2014-01-01,2014-12-31
11573,http://demo.kbplus.ac.uk/kbplus/subscriptionDetails/index/11573,Educational Action Research - Internet (SWETS),55269977,2014-01-01,2014-12-31
11574,http://demo.kbplus.ac.uk/kbplus/subscriptionDetails/index/11574,Educational Forum - Internet (SWETS),55269993,2014-01-01,2014-12-31
11575,http://demo.kbplus.ac.uk/kbplus/subscriptionDetails/index/11575,Educational Policy - Internet (SWETS),55270011,2014-01-01,2014-12-31
11576,http://demo.kbplus.ac.uk/kbplus/subscriptionDetails/index/11576,Educational Research - Colchester - Internet (SWETS),55270029,2014-01-01,2014-12-31
11577,http://demo.kbplus.ac.uk/kbplus/subscriptionDetails/index/11577,Environmental Education Research - Internet (SWETS),55270037,2014-01-01,2014-12-31
11578,http://demo.kbplus.ac.uk/kbplus/subscriptionDetails/index/11578,Gender and Education - Internet (SWETS),55270045,2014-01-01,2014-12-31
11579,http://demo.kbplus.ac.uk/kbplus/subscriptionDetails/index/11579,International Journal of Early Years Education - Internet (SWETS),55270062,2014-01-01,2014-12-31
11580,http://demo.kbplus.ac.uk/kbplus/subscriptionDetails/index/11580,International Research in Geographical and Environmental Education - Internet (SWETS),55270070,2014-01-01,2014-12-31
11581,http://demo.kbplus.ac.uk/kbplus/subscriptionDetails/index/11581,Journal of Curriculum Studies - Internet (SWETS),55270088,2014-01-01,2014-12-31
11582,http://demo.kbplus.ac.uk/kbplus/subscriptionDetails/index/11582,Journal of Early Childhood Literacy - Internet (SWETS),55270096,2014-01-01,2014-12-31
11583,http://demo.kbplus.ac.uk/kbplus/subscriptionDetails/index/11583,Journal of Education for Teaching - Internet (SWETS),55270118,2014-01-01,2014-12-31
11584,http://demo.kbplus.ac.uk/kbplus/subscriptionDetails/index/11584,Journal of Education Policy - Internet (SWETS),55270126,2014-01-01,2014-12-31
11585,http://demo.kbplus.ac.uk/kbplus/subscriptionDetails/index/11585,Journal of Teacher Education - Internet (SWETS),55270134,2014-01-01,2014-12-31
11586,http://demo.kbplus.ac.uk/kbplus/subscriptionDetails/index/11586,Journal of Vocational Education and Training - Internet (SWETS),55270151,2014-01-01,2014-12-31
11587,http://demo.kbplus.ac.uk/kbplus/subscriptionDetails/index/11587,Language Teaching - Internet (SWETS),55270169,2014-01-01,2014-12-31
11588,http://demo.kbplus.ac.uk/kbplus/subscriptionDetails/index/11588,Language Teaching Research - Internet (SWETS),55270185,2014-01-01,2014-12-31
11589,http://demo.kbplus.ac.uk/kbplus/subscriptionDetails/index/11589,Mind Culture and Activity - Internet (SWETS),55270193,2014-01-01,2014-12-31
11590,http://demo.kbplus.ac.uk/kbplus/subscriptionDetails/index/11590,Qualitative Research - Internet (SWETS),55270207,2014-01-01,2014-12-31
11591,http://demo.kbplus.ac.uk/kbplus/subscriptionDetails/index/11591,Research Papers in Education - Internet (SWETS),55270223,2014-01-01,2014-12-31
11592,http://demo.kbplus.ac.uk/kbplus/subscriptionDetails/index/11592,Teacher Development - Intern Journal of Teachers' Professional Development - Internet (SWETS),55270232,2014-01-01,2014-12-31
11593,http://demo.kbplus.ac.uk/kbplus/subscriptionDetails/index/11593,Teachers and Teaching - Theory and Practice - Internet (SWETS),55270258,2014-01-01,2014-12-31
11594,http://demo.kbplus.ac.uk/kbplus/subscriptionDetails/index/11594,Technology Pedagogy and Education - Internet (SWETS),55270274,2014-01-01,2014-12-31
11595,http://demo.kbplus.ac.uk/kbplus/subscriptionDetails/index/11595,Educational Researcher - Internet (SWETS),55280768,2014-01-01,2014-12-31
11596,http://demo.kbplus.ac.uk/kbplus/subscriptionDetails/index/11596,English Education - Internet (SWETS),55280784,2014-01-01,2014-12-31
11597,http://demo.kbplus.ac.uk/kbplus/subscriptionDetails/index/11597,International Journal of Training Research - Internet (SWETS),55280806,2014-01-01,2014-12-31
11598,http://demo.kbplus.ac.uk/kbplus/subscriptionDetails/index/11598,Journal of Geoscience Education - Internet (SWETS),55280814,2014-01-01,2014-12-31
11599,http://demo.kbplus.ac.uk/kbplus/subscriptionDetails/index/11599,Research in the Teaching of English - Internet (SWETS),55280831,2014-01-01,2014-12-31
11600,http://demo.kbplus.ac.uk/kbplus/subscriptionDetails/index/11600,World Studies in Education - Internet (SWETS),55280849,2014-01-01,2014-12-31
11601,http://demo.kbplus.ac.uk/kbplus/subscriptionDetails/index/11601,Mathematics Teaching - incorporating Micromath - Internet (SWETS),55287746,2014-01-01,2014-12-31
11602,http://demo.kbplus.ac.uk/kbplus/subscriptionDetails/index/11602,International Journal for Researcher Development - Internet (SWETS),55287771,2014-01-01,2014-12-31
11603,http://demo.kbplus.ac.uk/kbplus/subscriptionDetails/index/11603,Studies in Science Education - Internet (SWETS),55298187,2014-01-01,2014-12-31
11604,http://demo.kbplus.ac.uk/kbplus/subscriptionDetails/index/11604,Australian Journal of Environmental Education - Internet (SWETS),55298209,2014-01-01,2014-12-31
11605,http://demo.kbplus.ac.uk/kbplus/subscriptionDetails/index/11605,British Journal of Educational Studies - Internet (SWETS),55298217,2014-01-01,2014-12-31
11606,http://demo.kbplus.ac.uk/kbplus/subscriptionDetails/index/11606,British Journal of Educational Psychology - Internet (SWETS),55298225,2014-01-01,2014-12-31
11607,http://demo.kbplus.ac.uk/kbplus/subscriptionDetails/index/11607,Educational Philosophy and Theory - Internet (SWETS),55298242,2014-01-01,2014-12-31
11608,http://demo.kbplus.ac.uk/kbplus/subscriptionDetails/index/11608,Educational Studies - Basingstoke - Internet (SWETS),55298250,2014-01-01,2014-12-31
11609,http://demo.kbplus.ac.uk/kbplus/subscriptionDetails/index/11609,Journal of Environmental Education - Internet (SWETS),55298276,2014-01-01,2014-12-31
11610,http://demo.kbplus.ac.uk/kbplus/subscriptionDetails/index/11610,Critical Reviews in Immunology - Internet (SWETS),55512596,2014-01-01,2014-12-31
11611,http://demo.kbplus.ac.uk/kbplus/subscriptionDetails/index/11611,N Paradoxa - International Feminist Art Journal - Back Access Purchase - Internet (SWETS),55568303,2014-01-01,2014-12-31
11612,http://demo.kbplus.ac.uk/kbplus/subscriptionDetails/index/11612,Preternature - MUSE - Internet (SWETS),55568346,2014-01-01,2014-12-31
11613,http://demo.kbplus.ac.uk/kbplus/subscriptionDetails/index/11613,Social Science History - Internet (SWETS),55568711,2014-01-01,2014-12-31
11614,http://demo.kbplus.ac.uk/kbplus/subscriptionDetails/index/11614,French Politics Culture and Society - Internet (SWETS),55573625,2014-01-01,2014-12-31
11615,http://demo.kbplus.ac.uk/kbplus/subscriptionDetails/index/11615,Museum Worlds - Internet (SWETS),55661575,2014-01-01,2014-12-31
11616,http://demo.kbplus.ac.uk/kbplus/subscriptionDetails/index/11616,Endoscopy - Internet (SWETS),55679903,2014-01-01,2014-12-31
11617,http://demo.kbplus.ac.uk/kbplus/subscriptionDetails/index/11617,European Journal of Pediatric Surgery - Internet (SWETS),55679912,2014-01-01,2014-12-31
11618,http://demo.kbplus.ac.uk/kbplus/subscriptionDetails/index/11618,Hormone and Metabolic Research - Internet (SWETS),55679938,2014-01-01,2014-12-31
11619,http://demo.kbplus.ac.uk/kbplus/subscriptionDetails/index/11619,British Journal of General Practice - Internet (SWETS),55692357,2014-01-01,2014-12-31
11620,http://demo.kbplus.ac.uk/kbplus/subscriptionDetails/index/11620,Journal of Immersion and Content Based Language Education - Internet (SWETS),55730224,2014-01-01,2014-12-31
11621,http://demo.kbplus.ac.uk/kbplus/subscriptionDetails/index/11621,Journal of the Canadian Society for Coptic Studies - Internet (SWETS),55817125,2014-01-01,2014-12-31
11622,http://demo.kbplus.ac.uk/kbplus/subscriptionDetails/index/11622,Public Affairs Quarterly - Internet (SWETS),55922239,2014-01-01,2014-12-31
11623,http://demo.kbplus.ac.uk/kbplus/subscriptionDetails/index/11623,Mediaeval Journal - Internet (SWETS),55966325,2014-01-01,2014-12-31
11624,http://demo.kbplus.ac.uk/kbplus/subscriptionDetails/index/11624,Medieval Sermon Studies - Internet (SWETS),55966333,2014-01-01,2014-12-31
11625,http://demo.kbplus.ac.uk/kbplus/subscriptionDetails/index/11625,Proceedings and Addresses of the American Philosophical Association - Internet (SWETS),56702933,2014-01-01,2014-12-31
11626,http://demo.kbplus.ac.uk/kbplus/subscriptionDetails/index/11626,Nuova Rivista di Letteratura Italiana - Internet (SWETS),56770972,2014-01-01,2014-12-31
11627,http://demo.kbplus.ac.uk/kbplus/subscriptionDetails/index/11627,Journal of Bone and Joint Surgery - 1889-1995 Archive - One Time Purchase - Internet (SWETS),56771129,2014-01-01,2014-12-31
11628,http://demo.kbplus.ac.uk/kbplus/subscriptionDetails/index/11628,Journal of Education Finance - Internet (SWETS),56776333,2014-01-07,2015-06-30
11629,http://demo.kbplus.ac.uk/kbplus/subscriptionDetails/index/11629,Nottingham Medieval Studies - Full Archive - Internet (SWETS),56809797,2014-01-01,2014-12-31
11630,http://demo.kbplus.ac.uk/kbplus/subscriptionDetails/index/11630,Nottingham Medieval Studies - Internet (SWETS),56809801,2014-01-01,2014-12-31
11631,http://demo.kbplus.ac.uk/kbplus/subscriptionDetails/index/11631,Music and the Moving Image - Internet (SWETS),56839068,2014-01-01,2014-12-31
11632,http://demo.kbplus.ac.uk/kbplus/subscriptionDetails/index/11632,Luxury - Internet (SWETS),56899338,2014-01-01,2014-12-31
11633,http://demo.kbplus.ac.uk/kbplus/subscriptionDetails/index/11633,Journal of Medieval Monastic Studies - Internet (SWETS),56910714,2014-01-01,2014-12-31
11634,http://demo.kbplus.ac.uk/kbplus/subscriptionDetails/index/11634,Australian and New Zealand Journal of Art - Internet (SWETS),56911257,2014-01-01,2014-12-31
11635,http://demo.kbplus.ac.uk/kbplus/subscriptionDetails/index/11635,Children and Young People Now - Internet (SWETS),56920418,2014-10-02,2015-02-09
11636,http://demo.kbplus.ac.uk/kbplus/subscriptionDetails/index/11636,HOPOS - Large Higher Education - Internet (SWETS),56938881,2014-01-01,2014-12-31
11637,http://demo.kbplus.ac.uk/kbplus/subscriptionDetails/index/11637,Management Science - Internet (SWETS),56976677,2014-01-01,2014-12-31
11638,http://demo.kbplus.ac.uk/kbplus/subscriptionDetails/index/11638,HSIR - Historical Studies in Industrial Relations - Internet (SWETS),57006591,2014-01-01,2014-12-31
11639,http://demo.kbplus.ac.uk/kbplus/subscriptionDetails/index/11639,Cahiers Elisabethains - Biannual Journal of English Renaissance Studies - Internet (SWETS),57084932,2014-01-01,2014-12-31
11640,http://demo.kbplus.ac.uk/kbplus/subscriptionDetails/index/11640,Choice Reviews Online - Academic Libraries - FTE 10000+ - Internet (SWETS),57168973,2014-01-06,2015-05-31
11641,http://demo.kbplus.ac.uk/kbplus/subscriptionDetails/index/11641,I Tatti Studies in the Italian Renaissance - Higher Education Large - Internet (SWETS),57177964,2014-01-01,2014-12-31
11642,http://demo.kbplus.ac.uk/kbplus/subscriptionDetails/index/11642,Journal of the History of Childhood and Youth - Internet (SWETS),57195695,2014-01-01,2014-12-31
11643,http://demo.kbplus.ac.uk/kbplus/subscriptionDetails/index/11643,INFORMS Journal on Computing - Internet (SWETS),57237134,2014-01-01,2014-12-31
11644,http://demo.kbplus.ac.uk/kbplus/subscriptionDetails/index/11644,Critical Historical Studies - Higher Education Large - Internet (SWETS),57246028,2014-01-01,2014-12-31
11645,http://demo.kbplus.ac.uk/kbplus/subscriptionDetails/index/11645,Cultural and Social History - Journal of the Social History Society - Internet (SWETS),57276628,2014-01-01,2014-12-31
11646,http://demo.kbplus.ac.uk/kbplus/subscriptionDetails/index/11646,International Journal of American Linguistics - Large Higher Education - Internet (SWETS),57276636,2014-01-01,2014-12-31
11647,http://demo.kbplus.ac.uk/kbplus/subscriptionDetails/index/11647,International Review of Environmental and Resource Economics - Internet (SWETS),57276661,2014-01-01,2014-12-31
11648,http://demo.kbplus.ac.uk/kbplus/subscriptionDetails/index/11648,China Media Research - Internet (SWETS),57276679,2014-01-01,2014-12-31
11649,http://demo.kbplus.ac.uk/kbplus/subscriptionDetails/index/11649,Asia Policy - Internet (SWETS),57289436,2014-01-01,2014-12-31
11650,http://demo.kbplus.ac.uk/kbplus/subscriptionDetails/index/11650,European Journal of Social Security - IP Access - Internet (SWETS),57291996,2014-01-07,2015-06-30
11651,http://demo.kbplus.ac.uk/kbplus/subscriptionDetails/index/11651,Human Geography - Internet (SWETS),57292879,2014-01-01,2014-12-31
11652,http://demo.kbplus.ac.uk/kbplus/subscriptionDetails/index/11652,Teachers College Record - Internet (SWETS),57292895,2014-01-01,2014-12-31
11653,http://demo.kbplus.ac.uk/kbplus/subscriptionDetails/index/11653,New Perspectives on Turkey - Internet (SWETS),57297502,2014-01-01,2014-12-31
11654,http://demo.kbplus.ac.uk/kbplus/subscriptionDetails/index/11654,Militargeschichtliche Zeitschrift - Internet (SWETS),57383297,2014-01-01,2014-12-31
11655,http://demo.kbplus.ac.uk/kbplus/subscriptionDetails/index/11655,Canadian Journal of Chemistry - Site License - Internet (SWETS),57386857,2014-01-01,2014-12-31
11656,http://demo.kbplus.ac.uk/kbplus/subscriptionDetails/index/11656,Medieval Low Countries - Internet (SWETS),57387900,2014-01-01,2014-12-31
11657,http://demo.kbplus.ac.uk/kbplus/subscriptionDetails/index/11657,IRAL - International Review of Applied Linguistics in Language Teaching - Internet (SWETS),57409865,2014-01-01,2014-12-31
11658,http://demo.kbplus.ac.uk/kbplus/subscriptionDetails/index/11658,Phytotaxa - Internet (SWETS),57411151,2014-01-01,2014-12-31
11659,http://demo.kbplus.ac.uk/kbplus/subscriptionDetails/index/11659,Deutsches Dante Jahrbuch - Internet (SWETS),57411177,2014-01-01,2014-12-31
11660,http://demo.kbplus.ac.uk/kbplus/subscriptionDetails/index/11660,Zeitschrift fur Naturforschung A - Journal of Physical Sciences - Internet (SWETS),57416896,2014-01-01,2014-12-31
11661,http://demo.kbplus.ac.uk/kbplus/subscriptionDetails/index/11661,Zeitschrift fur Naturforschung B - Journal of Chemical Sciences - Internet (SWETS),57416900,2014-01-01,2014-12-31
11662,http://demo.kbplus.ac.uk/kbplus/subscriptionDetails/index/11662,Critical Interventions - Journal of African Art and Visual Culture - Internet (SWETS),57416993,2014-01-01,2014-12-31
11663,http://demo.kbplus.ac.uk/kbplus/subscriptionDetails/index/11663,Fruhmittelalterliche Studien - Jahrbuch des Instituts fur Fruhmittelalterforschung- Intern (SWETS),57417027,2014-01-01,2014-12-31
11664,http://demo.kbplus.ac.uk/kbplus/subscriptionDetails/index/11664,Ancient History Bulletin - Internet (SWETS),57428461,2014-01-01,2014-12-31
11665,http://demo.kbplus.ac.uk/kbplus/subscriptionDetails/index/11665,Kant Yearbook - Internet (SWETS),57430414,2014-01-01,2014-12-31
11666,http://demo.kbplus.ac.uk/kbplus/subscriptionDetails/index/11666,Contemporary Pragmatism - Internet (SWETS),57431551,2014-01-01,2014-12-31
11667,http://demo.kbplus.ac.uk/kbplus/subscriptionDetails/index/11667,Journal of Ancient Near Eastern History - Internet (SWETS),57443443,2014-01-01,2014-12-31
11668,http://demo.kbplus.ac.uk/kbplus/subscriptionDetails/index/11668,World Policy Journal - Internet (SWETS),67995411,2014-01-01,2014-12-31
11669,http://demo.kbplus.ac.uk/kbplus/subscriptionDetails/index/11669,Association for Language Learning - Complete Subscription - Internet (SWETS),88526313,2014-01-01,2014-12-31
