Subscription ID,Subscription URL,Subscription Name,Swets Subscription Number,Subscription Start Date,Subscription End Date
11311,http://demo.kbplus.ac.uk/kbplus/subscriptionDetails/index/11311,SWETS: Sociological Research Online - Internet,17037266,2014-01-01,2014-12-31
11312,http://demo.kbplus.ac.uk/kbplus/subscriptionDetails/index/11312,SWETS: New England Journal of Medicine - Tier 4B - Academic Clinical Site License - Internet,28449803,2014-01-08,2015-07-31
11313,http://demo.kbplus.ac.uk/kbplus/subscriptionDetails/index/11313,SWETS: Gerontologist - Internet,28810115,2014-01-01,2014-12-31
11314,http://demo.kbplus.ac.uk/kbplus/subscriptionDetails/index/11314,SWETS: Generations - San Francisco - Internet,28811715,2014-01-01,2014-12-31
11315,http://demo.kbplus.ac.uk/kbplus/subscriptionDetails/index/11315,SWETS: Psychology Crime and Law - Internet,29785904,2014-01-01,2014-12-31
11316,http://demo.kbplus.ac.uk/kbplus/subscriptionDetails/index/11316,SWETS: Acta Crystallographica - Sections A & B & C & D & E & F - Internet,36185038,2014-01-01,2014-12-31
11317,http://demo.kbplus.ac.uk/kbplus/subscriptionDetails/index/11317,SWETS: eHRAF World Cultures - Member Institution - Library budget over US$ 5 million - Internet,36185224,2014-01-07,2015-06-30
11318,http://demo.kbplus.ac.uk/kbplus/subscriptionDetails/index/11318,SWETS: RNA - Tier 4 - Internet,36185356,2014-01-01,2014-12-31
11319,http://demo.kbplus.ac.uk/kbplus/subscriptionDetails/index/11319,SWETS: Criminology Package - Online Only - Internet,37314184,2014-01-01,2014-12-31
11320,http://demo.kbplus.ac.uk/kbplus/subscriptionDetails/index/11320,SWETS: Comparative Education Review - Large Higher Education - Internet,37452684,2014-01-01,2014-12-31
11321,http://demo.kbplus.ac.uk/kbplus/subscriptionDetails/index/11321,SWETS: European Educational Research Journal - Internet,38763403,2014-01-01,2014-12-31
11322,http://demo.kbplus.ac.uk/kbplus/subscriptionDetails/index/11322,SWETS: E-Learning and Digital Media - Internet,38777901,2014-01-01,2014-12-31
11323,http://demo.kbplus.ac.uk/kbplus/subscriptionDetails/index/11323,SWETS: Journal of the Learning Sciences - Internet,38777927,2014-01-01,2014-12-31
11324,http://demo.kbplus.ac.uk/kbplus/subscriptionDetails/index/11324,SWETS: Research in Comparative and International Education - Internet,38777935,2014-01-01,2014-12-31
11325,http://demo.kbplus.ac.uk/kbplus/subscriptionDetails/index/11325,SWETS: BEB - International Journal of Bilingual Education and Bilingualism - Internet,38777943,2014-01-01,2014-12-31
11326,http://demo.kbplus.ac.uk/kbplus/subscriptionDetails/index/11326,SWETS: Language Speech and Hearing Services in Schools - Internet,39061305,2014-01-01,2014-12-31
11327,http://demo.kbplus.ac.uk/kbplus/subscriptionDetails/index/11327,SWETS: Journal of Poverty and Social Justice - Internet,39176145,2014-01-01,2014-12-31
11328,http://demo.kbplus.ac.uk/kbplus/subscriptionDetails/index/11328,SWETS: International Journal of Modern Physics B - Internet,39772554,2014-01-01,2014-12-31
11329,http://demo.kbplus.ac.uk/kbplus/subscriptionDetails/index/11329,SWETS: Ecology - Ecological Society of America - Single Site - Large - 3000+ FTE's - Internet,40084674,2014-01-01,2014-12-31
11330,http://demo.kbplus.ac.uk/kbplus/subscriptionDetails/index/11330,SWETS: Africa - Journal Internat African Institute - Internet & Africa Bibliography - Internet,40169190,2014-01-01,2014-12-31
11331,http://demo.kbplus.ac.uk/kbplus/subscriptionDetails/index/11331,SWETS: African Arts - Internet,40169220,2014-01-01,2014-12-31
11332,http://demo.kbplus.ac.uk/kbplus/subscriptionDetails/index/11332,SWETS: Journal of African Cultural Studies - Internet,40169238,2014-01-01,2014-12-31
11333,http://demo.kbplus.ac.uk/kbplus/subscriptionDetails/index/11333,SWETS: Journal of Cold War Studies - Internet,40234472,2014-01-01,2014-12-31
11334,http://demo.kbplus.ac.uk/kbplus/subscriptionDetails/index/11334,SWETS: Home Cultures - Internet,41384672,2014-01-01,2014-12-31
11335,http://demo.kbplus.ac.uk/kbplus/subscriptionDetails/index/11335,SWETS: Journal of Eastern African Studies - Internet,42742563,2014-01-01,2014-12-31
11336,http://demo.kbplus.ac.uk/kbplus/subscriptionDetails/index/11336,SWETS: Nomadic Peoples - Internet,43024826,2014-01-01,2014-12-31
11337,http://demo.kbplus.ac.uk/kbplus/subscriptionDetails/index/11337,SWETS: Evidence and Policy - Internet,43252187,2014-01-01,2014-12-31
11338,http://demo.kbplus.ac.uk/kbplus/subscriptionDetails/index/11338,SWETS: Proceedings of the National Academy of Sciences of the USA - Tier 4 - Internet,44877547,2014-01-01,2014-12-31
11339,http://demo.kbplus.ac.uk/kbplus/subscriptionDetails/index/11339,SWETS: Pediatrics - English Edition - Site License - Tier 3 - Internet,45025978,2014-01-01,2014-12-31
11340,http://demo.kbplus.ac.uk/kbplus/subscriptionDetails/index/11340,SWETS: American Journal of Critical Care - Internet,45025986,2014-01-01,2014-12-31
11341,http://demo.kbplus.ac.uk/kbplus/subscriptionDetails/index/11341,SWETS: Diabetes Care - Alexandria - Multi Site License - Internet,45025994,2014-01-01,2014-12-31
11342,http://demo.kbplus.ac.uk/kbplus/subscriptionDetails/index/11342,SWETS: American Journal of Tropical Medicine and Hygiene - Tier 3 - Internet,45026028,2014-01-01,2014-12-31
11343,http://demo.kbplus.ac.uk/kbplus/subscriptionDetails/index/11343,SWETS: Experimental Biology and Medicine - Internet,45026109,2014-01-01,2014-12-31
11344,http://demo.kbplus.ac.uk/kbplus/subscriptionDetails/index/11344,SWETS: Journal of Nuclear Medicine - Internet,45026117,2014-01-01,2014-12-31
11345,http://demo.kbplus.ac.uk/kbplus/subscriptionDetails/index/11345,SWETS: Molecular Biology of the Cell - Tier 3 - Internet,45029175,2014-01-01,2014-12-31
11346,http://demo.kbplus.ac.uk/kbplus/subscriptionDetails/index/11346,SWETS: Duke Mathematical Journal - Volumes 1-100 - Annual Subscription - Internet,45029192,2014-01-01,2014-12-31
11347,http://demo.kbplus.ac.uk/kbplus/subscriptionDetails/index/11347,SWETS: Annals of Mathematics - Second Series - Internet,45029222,2014-01-01,2014-12-31
11348,http://demo.kbplus.ac.uk/kbplus/subscriptionDetails/index/11348,SWETS: Applied Optics - Internet,45029256,2014-01-01,2014-12-31
11349,http://demo.kbplus.ac.uk/kbplus/subscriptionDetails/index/11349,SWETS: Optics Letters - Internet,45029281,2014-01-01,2014-12-31
11350,http://demo.kbplus.ac.uk/kbplus/subscriptionDetails/index/11350,SWETS: Journal of Cell Biology - Tier 4 - Internet,45029299,2014-01-01,2014-12-31
11351,http://demo.kbplus.ac.uk/kbplus/subscriptionDetails/index/11351,SWETS: Journal of General Physiology - Tier 4 - Internet,45029311,2014-01-01,2014-12-31
11352,http://demo.kbplus.ac.uk/kbplus/subscriptionDetails/index/11352,SWETS: Historical Studies in the Natural Sciences - Internet,45029540,2014-01-01,2014-12-31
11353,http://demo.kbplus.ac.uk/kbplus/subscriptionDetails/index/11353,SWETS: American Naturalist - Large Higher Education - Internet,45029591,2014-01-01,2014-12-31
11354,http://demo.kbplus.ac.uk/kbplus/subscriptionDetails/index/11354,SWETS: Journal of Geology - Large Higher Education - Internet,45029621,2014-01-01,2014-12-31
11355,http://demo.kbplus.ac.uk/kbplus/subscriptionDetails/index/11355,SWETS: International Journal of Men's Health - 1-5000 FTE - Internet,45394213,2014-01-01,2014-12-31
11356,http://demo.kbplus.ac.uk/kbplus/subscriptionDetails/index/11356,SWETS: Journal of the Optic Socie of America-A-Optics Image Scien and Vision - Internet,45414834,2014-01-01,2014-12-31
11357,http://demo.kbplus.ac.uk/kbplus/subscriptionDetails/index/11357,SWETS: Journal of the Optical Society of America - B - Optical Physics - Internet,45414851,2014-01-01,2014-12-31
11358,http://demo.kbplus.ac.uk/kbplus/subscriptionDetails/index/11358,SWETS: Duke Mathematical Journal - Internet,45418163,2014-01-01,2014-12-31
11359,http://demo.kbplus.ac.uk/kbplus/subscriptionDetails/index/11359,SWETS: Bibliographie der Deutschen Sprach und Literaturwissenschaft - Internet,45547648,2014-01-01,2014-12-31
11360,http://demo.kbplus.ac.uk/kbplus/subscriptionDetails/index/11360,SWETS: Journal of Cognitive Neuroscience - Internet,45605932,2014-01-01,2014-12-31
11361,http://demo.kbplus.ac.uk/kbplus/subscriptionDetails/index/11361,SWETS: IDS Bulletin - Internet,45664122,2014-01-01,2014-12-31
11362,http://demo.kbplus.ac.uk/kbplus/subscriptionDetails/index/11362,SWETS: Learning and Teaching - International Jrnl of Higher Education in Social Sciences - Intern,45732666,2014-01-01,2014-12-31
11363,http://demo.kbplus.ac.uk/kbplus/subscriptionDetails/index/11363,SWETS: International Journal of Sustainable Development - 2-3 Simultaneous Users - Internet,45803164,2014-01-01,2014-12-31
11364,http://demo.kbplus.ac.uk/kbplus/subscriptionDetails/index/11364,SWETS: Weather Climate and Society - Internet & Earth Interactions - Internet,45803181,2014-01-01,2014-12-31
11365,http://demo.kbplus.ac.uk/kbplus/subscriptionDetails/index/11365,SWETS: Images - Journal of Jewish Art and Visual Culture - Internet,45803199,2014-01-01,2014-12-31
11366,http://demo.kbplus.ac.uk/kbplus/subscriptionDetails/index/11366,SWETS: Chinese Sociological Review - Internet,45804811,2014-01-01,2014-12-31
11367,http://demo.kbplus.ac.uk/kbplus/subscriptionDetails/index/11367,SWETS: Children Youth and Environments - Internet,46209860,2014-01-01,2014-12-31
11368,http://demo.kbplus.ac.uk/kbplus/subscriptionDetails/index/11368,SWETS: Journal of Adolescent and Adult Literacy - Basic Access License - Internet,46543034,2014-01-01,2014-12-31
11369,http://demo.kbplus.ac.uk/kbplus/subscriptionDetails/index/11369,SWETS: Assessment and Evaluation in Higher Education - Internet,46628498,2014-01-01,2014-12-31
11370,http://demo.kbplus.ac.uk/kbplus/subscriptionDetails/index/11370,SWETS: Journal of Higher Education - Columbus - Internet,46628684,2014-01-01,2014-12-31
11371,http://demo.kbplus.ac.uk/kbplus/subscriptionDetails/index/11371,SWETS: Teaching in Higher Education - Internet,46628714,2014-01-01,2014-12-31
11372,http://demo.kbplus.ac.uk/kbplus/subscriptionDetails/index/11372,SWETS: Trends in Classics - Internet,46710747,2014-01-01,2014-12-31
11373,http://demo.kbplus.ac.uk/kbplus/subscriptionDetails/index/11373,SWETS: Canadian Journal of Earth Sciences - Site License - Internet,46918462,2014-01-01,2014-12-31
11374,http://demo.kbplus.ac.uk/kbplus/subscriptionDetails/index/11374,SWETS: Canadian Journal of Physiology and Pharmacology - Site License - Internet,46918470,2014-01-01,2014-12-31
11375,http://demo.kbplus.ac.uk/kbplus/subscriptionDetails/index/11375,SWETS: Frontiers in Ecology and the Environment - Single Site - Large - 3000+ FTE's - Internet,46918500,2014-01-01,2014-12-31
11376,http://demo.kbplus.ac.uk/kbplus/subscriptionDetails/index/11376,SWETS: Art in Translation - Internet,48206256,2014-01-01,2014-12-31
11377,http://demo.kbplus.ac.uk/kbplus/subscriptionDetails/index/11377,SWETS: CALICO Journal - Internet,48215612,2014-01-01,2014-12-31
11378,http://demo.kbplus.ac.uk/kbplus/subscriptionDetails/index/11378,SWETS: African American Review - Internet,48223487,2014-01-01,2014-12-31
11379,http://demo.kbplus.ac.uk/kbplus/subscriptionDetails/index/11379,SWETS: American Indian Quarterly - MUSE - Internet,48223525,2014-01-01,2014-12-31
11380,http://demo.kbplus.ac.uk/kbplus/subscriptionDetails/index/11380,SWETS: American Jewish History - Internet,48223533,2014-01-01,2014-12-31
11381,http://demo.kbplus.ac.uk/kbplus/subscriptionDetails/index/11381,SWETS: Journal of Asian American Studies - Internet,48223542,2014-01-01,2014-12-31
11382,http://demo.kbplus.ac.uk/kbplus/subscriptionDetails/index/11382,SWETS: Southern Cultures - Internet,48223568,2014-01-01,2014-12-31
11383,http://demo.kbplus.ac.uk/kbplus/subscriptionDetails/index/11383,SWETS: Bulletin of the History of Medicine - Internet,48223584,2014-01-01,2014-12-31
11384,http://demo.kbplus.ac.uk/kbplus/subscriptionDetails/index/11384,SWETS: American Periodicals - Internet,48223606,2014-01-01,2014-12-31
11385,http://demo.kbplus.ac.uk/kbplus/subscriptionDetails/index/11385,SWETS: Essays in Medieval Studies - Internet,48223614,2014-01-01,2014-12-31
11386,http://demo.kbplus.ac.uk/kbplus/subscriptionDetails/index/11386,SWETS: French Colonial History - JSTOR - Full Run - Internet,48223649,2014-01-01,2014-12-31
11387,http://demo.kbplus.ac.uk/kbplus/subscriptionDetails/index/11387,SWETS: Journal of Colonialism and Colonial History - Internet,48223657,2014-01-01,2014-12-31
11388,http://demo.kbplus.ac.uk/kbplus/subscriptionDetails/index/11388,SWETS: New Hibernia Review - Internet,48223682,2014-01-01,2014-12-31
11389,http://demo.kbplus.ac.uk/kbplus/subscriptionDetails/index/11389,SWETS: Studies in Eighteenth Century Culture - East Lansing - MUSE - Internet,48223703,2014-01-01,2014-12-31
11390,http://demo.kbplus.ac.uk/kbplus/subscriptionDetails/index/11390,SWETS: American Journal of Mathematics - Internet,48223712,2014-01-01,2014-12-31
11391,http://demo.kbplus.ac.uk/kbplus/subscriptionDetails/index/11391,SWETS: Advertising and Society Review - Internet,48267093,2014-01-01,2014-12-31
11392,http://demo.kbplus.ac.uk/kbplus/subscriptionDetails/index/11392,SWETS: Journal of Immunology - Single Site - Large - Internet,48280014,2014-01-01,2014-12-31
11393,http://demo.kbplus.ac.uk/kbplus/subscriptionDetails/index/11393,SWETS: American Journal of Psychiatry - Tier 4 - Internet,48280031,2014-01-01,2014-12-31
11394,http://demo.kbplus.ac.uk/kbplus/subscriptionDetails/index/11394,SWETS: American Journal of Clinical Nutrition - Multisite License - Internet,48280073,2014-01-01,2014-12-31
11395,http://demo.kbplus.ac.uk/kbplus/subscriptionDetails/index/11395,SWETS: Blood - Tier 4.6 - Multiple Site - Internet,48280082,2014-01-01,2014-12-31
11396,http://demo.kbplus.ac.uk/kbplus/subscriptionDetails/index/11396,SWETS: Journal of Parasitology - American Society of Parasitologists - Internet,48280090,2014-01-01,2014-12-31
11397,http://demo.kbplus.ac.uk/kbplus/subscriptionDetails/index/11397,SWETS: Investigative Ophthalmology and Visual Science - Internet,48280103,2014-01-01,2014-12-31
11398,http://demo.kbplus.ac.uk/kbplus/subscriptionDetails/index/11398,SWETS: Ecological Applications - Single Site - Large - 3000+ FTE's - Internet,48280120,2014-01-01,2014-12-31
11399,http://demo.kbplus.ac.uk/kbplus/subscriptionDetails/index/11399,SWETS: Ecological Monographs - Single Site - Large - 3000+ FTE's - Internet,48280138,2014-01-01,2014-12-31
11400,http://demo.kbplus.ac.uk/kbplus/subscriptionDetails/index/11400,SWETS: Journal of Economic Entomology - Internet,48280146,2014-01-01,2014-12-31
11401,http://demo.kbplus.ac.uk/kbplus/subscriptionDetails/index/11401,SWETS: Genetics - Tier 3 - Single Site - Internet,48280154,2014-01-01,2014-12-31
11402,http://demo.kbplus.ac.uk/kbplus/subscriptionDetails/index/11402,SWETS: Climate Research - Single Site - Internet,48280235,2014-01-01,2014-12-31
11403,http://demo.kbplus.ac.uk/kbplus/subscriptionDetails/index/11403,SWETS: Radiology - Radiological Society of North America - TIER 3 - Internet,48280324,2014-01-01,2014-12-31
11404,http://demo.kbplus.ac.uk/kbplus/subscriptionDetails/index/11404,SWETS: Optical Engineering - Internet,48280359,2014-01-01,2014-12-31
11405,http://demo.kbplus.ac.uk/kbplus/subscriptionDetails/index/11405,SWETS: International Journal of Developmental Biology - Internet,48280367,2014-01-01,2014-12-31
11406,http://demo.kbplus.ac.uk/kbplus/subscriptionDetails/index/11406,SWETS: Journal fur die Reine und Angewandte Mathematik - Internet,48280383,2014-01-01,2014-12-31
11407,http://demo.kbplus.ac.uk/kbplus/subscriptionDetails/index/11407,SWETS: Journal of Biological Chemistry - TIER 4 - Internet,48280448,2014-01-01,2014-12-31
11408,http://demo.kbplus.ac.uk/kbplus/subscriptionDetails/index/11408,SWETS: Journal of Lipid Research - Internet,48280456,2014-01-01,2014-12-31
11409,http://demo.kbplus.ac.uk/kbplus/subscriptionDetails/index/11409,SWETS: Plant Cell & Plant Physiology & Teaching Tools - Multi Site License - Internet,48280464,2014-01-01,2014-12-31
11410,http://demo.kbplus.ac.uk/kbplus/subscriptionDetails/index/11410,SWETS: Journal of Pharmacology and Experimental Therapeutics - Multi Site License - Internet,48280481,2014-01-01,2014-12-31
11411,http://demo.kbplus.ac.uk/kbplus/subscriptionDetails/index/11411,SWETS: Molecular Pharmacology - Multi Site License - Internet,48280499,2014-01-01,2014-12-31
11412,http://demo.kbplus.ac.uk/kbplus/subscriptionDetails/index/11412,SWETS: Pharmacological Reviews - Multi Site License - Internet,48280511,2014-01-01,2014-12-31
11413,http://demo.kbplus.ac.uk/kbplus/subscriptionDetails/index/11413,SWETS: FASEB Journal - Negotiable - Internet,48280529,2014-01-01,2014-12-31
11414,http://demo.kbplus.ac.uk/kbplus/subscriptionDetails/index/11414,SWETS: Endocrine Reviews - TIER 4 - Internet,48280545,2014-01-01,2014-12-31
11415,http://demo.kbplus.ac.uk/kbplus/subscriptionDetails/index/11415,SWETS: Endocrinology & Molecular Endocrinology - Tier 4 - Internet,48280553,2014-01-01,2014-12-31
11416,http://demo.kbplus.ac.uk/kbplus/subscriptionDetails/index/11416,SWETS: Biochemical Journal - Internet,48293094,2014-01-01,2014-12-31
11417,http://demo.kbplus.ac.uk/kbplus/subscriptionDetails/index/11417,SWETS: Clinical Science - Internet,48293124,2014-01-01,2014-12-31
11418,http://demo.kbplus.ac.uk/kbplus/subscriptionDetails/index/11418,SWETS: European Journal of Endocrinology - Internet,48296573,2014-01-01,2014-12-31
11419,http://demo.kbplus.ac.uk/kbplus/subscriptionDetails/index/11419,SWETS: British Journal of Radiology - Internet - Single Site,48296590,2014-01-01,2014-12-31
11420,http://demo.kbplus.ac.uk/kbplus/subscriptionDetails/index/11420,SWETS: Journal of Cardiovascular Surgery - 401-800 FTE's - Internet,48296612,2014-01-01,2014-12-31
11421,http://demo.kbplus.ac.uk/kbplus/subscriptionDetails/index/11421,SWETS: Annals of the Royal College of Surgeons of England - Internet,48296620,2014-01-01,2014-12-31
11422,http://demo.kbplus.ac.uk/kbplus/subscriptionDetails/index/11422,SWETS: Journal of Endocrinology - Internet,48296638,2014-01-01,2014-12-31
11423,http://demo.kbplus.ac.uk/kbplus/subscriptionDetails/index/11423,SWETS: Journal of Clinical Endocrinology and Metabolism - TIER 4 - Internet,48296646,2014-01-01,2014-12-31
11424,http://demo.kbplus.ac.uk/kbplus/subscriptionDetails/index/11424,SWETS: Infection Control and Hospital Epidemiology - Tier Unknown - Internet,48296654,2014-01-01,2014-12-31
11425,http://demo.kbplus.ac.uk/kbplus/subscriptionDetails/index/11425,SWETS: American Orthoptic Journal - Internet,48296671,2014-01-01,2014-12-31
11426,http://demo.kbplus.ac.uk/kbplus/subscriptionDetails/index/11426,SWETS: Global Responsibility to Protect - Internet,48305947,2014-01-01,2014-12-31
11427,http://demo.kbplus.ac.uk/kbplus/subscriptionDetails/index/11427,SWETS: Environmental Values - Internet,48587748,2014-01-01,2014-12-31
11428,http://demo.kbplus.ac.uk/kbplus/subscriptionDetails/index/11428,SWETS: Nature and Culture - Internet,48587756,2014-01-01,2014-12-31
11429,http://demo.kbplus.ac.uk/kbplus/subscriptionDetails/index/11429,SWETS: Philosophy of Science - Large Higher Education - Internet,48590595,2014-01-01,2014-12-31
11430,http://demo.kbplus.ac.uk/kbplus/subscriptionDetails/index/11430,SWETS: Contemporary Sociology - Internet,48597905,2014-01-01,2014-12-31
11431,http://demo.kbplus.ac.uk/kbplus/subscriptionDetails/index/11431,SWETS: African Security - Internet,48599550,2014-01-01,2014-12-31
11432,http://demo.kbplus.ac.uk/kbplus/subscriptionDetails/index/11432,SWETS: Journal of Social Work in End of Life and Palliative Care - Internet,48642200,2014-01-01,2014-12-31
11433,http://demo.kbplus.ac.uk/kbplus/subscriptionDetails/index/11433,SWETS: Journal of the Atmospheric Sciences - Internet & Earth Interactions - Internet,48692126,2014-01-01,2014-12-31
11434,http://demo.kbplus.ac.uk/kbplus/subscriptionDetails/index/11434,SWETS: Journal of Climate - Internet,48692134,2014-01-01,2014-12-31
11435,http://demo.kbplus.ac.uk/kbplus/subscriptionDetails/index/11435,SWETS: Journal of Physical Oceanography - Internet & Earth Interactions - Internet,48692151,2014-01-01,2014-12-31
11436,http://demo.kbplus.ac.uk/kbplus/subscriptionDetails/index/11436,SWETS: Linguistic Typology - Internet,48720073,2014-01-01,2014-12-31
11437,http://demo.kbplus.ac.uk/kbplus/subscriptionDetails/index/11437,SWETS: Diabetes - American Diabetes Association - Site License - Internet,48751182,2014-01-07,2015-06-30
11438,http://demo.kbplus.ac.uk/kbplus/subscriptionDetails/index/11438,SWETS: Journal of Symbolic Logic & Bulletin of Symbolic Logic - Internet,48795197,2014-01-01,2014-12-31
11439,http://demo.kbplus.ac.uk/kbplus/subscriptionDetails/index/11439,SWETS: Senses and Society - Internet,48814434,2014-01-01,2014-12-31
11440,http://demo.kbplus.ac.uk/kbplus/subscriptionDetails/index/11440,SWETS: Endocrine Society Legacy Archive 1917-1996 - Tier 4 - Annual Maintenance Fee - Internet,48891871,2014-01-01,2014-12-31
11441,http://demo.kbplus.ac.uk/kbplus/subscriptionDetails/index/11441,SWETS: International Journal of Plant Sciences - Botanical Gazette - Large Higher Education-Inter,48891897,2014-01-01,2014-12-31
11442,http://demo.kbplus.ac.uk/kbplus/subscriptionDetails/index/11442,SWETS: Journal of Experimental Medicine - Tier 4 - Internet,49157721,2014-01-01,2014-12-31
11443,http://demo.kbplus.ac.uk/kbplus/subscriptionDetails/index/11443,SWETS: Genome Research - Tier 4 - Internet,49353937,2014-01-01,2014-12-31
11444,http://demo.kbplus.ac.uk/kbplus/subscriptionDetails/index/11444,SWETS: Perspectives on Science - Historical Philosophical and Social - Internet,50358297,2014-01-01,2014-12-31
11445,http://demo.kbplus.ac.uk/kbplus/subscriptionDetails/index/11445,SWETS: Vivarium - Leiden - Internet,50433086,2014-01-01,2014-12-31
11446,http://demo.kbplus.ac.uk/kbplus/subscriptionDetails/index/11446,SWETS: British Journal of Psychiatry - Internet,50528389,2014-01-01,2014-12-31
11447,http://demo.kbplus.ac.uk/kbplus/subscriptionDetails/index/11447,SWETS: Journal of Health Services Research and Policy - Internet,50528427,2014-01-01,2014-12-31
11448,http://demo.kbplus.ac.uk/kbplus/subscriptionDetails/index/11448,SWETS: Journal of Medical Screening - Internet,50528435,2014-01-01,2014-12-31
11449,http://demo.kbplus.ac.uk/kbplus/subscriptionDetails/index/11449,SWETS: Journal of the Royal Society of Medicine - Internet,50528443,2014-01-01,2014-12-31
11450,http://demo.kbplus.ac.uk/kbplus/subscriptionDetails/index/11450,SWETS: Canadian Modern Language Review - Internet,50669420,2014-01-01,2014-12-31
11451,http://demo.kbplus.ac.uk/kbplus/subscriptionDetails/index/11451,SWETS: Camera Obscura - a Journal of Feminism and Film Theory - Internet,50708191,2014-01-01,2014-12-31
11452,http://demo.kbplus.ac.uk/kbplus/subscriptionDetails/index/11452,SWETS: Radical History Review - Internet,50794518,2014-01-01,2014-12-31
11453,http://demo.kbplus.ac.uk/kbplus/subscriptionDetails/index/11453,SWETS: Canadian Journal of Forest Research - Site License - Internet,50796112,2014-01-01,2014-12-31
11454,http://demo.kbplus.ac.uk/kbplus/subscriptionDetails/index/11454,SWETS: Botany - Site License - Internet,50796120,2014-01-01,2014-12-31
11455,http://demo.kbplus.ac.uk/kbplus/subscriptionDetails/index/11455,SWETS: Centralblatt fur das Gesamte Forstwesen - Internet,50799366,2012-01-01,2012-12-31
11456,http://demo.kbplus.ac.uk/kbplus/subscriptionDetails/index/11456,SWETS: Voprosy Iazykovogo Rodstva - Internet,51023663,2014-01-01,2014-12-31
11457,http://demo.kbplus.ac.uk/kbplus/subscriptionDetails/index/11457,SWETS: Dix-Neuf - Journal of the Society of Dix-Neuviemistes - Internet,51041734,2014-01-01,2014-12-31
11458,http://demo.kbplus.ac.uk/kbplus/subscriptionDetails/index/11458,SWETS: Environment and Planning A & B & C & D - Internet,51052574,2014-01-01,2014-12-31
11459,http://demo.kbplus.ac.uk/kbplus/subscriptionDetails/index/11459,SWETS: Anthropology in Action - Internet,51081787,2014-01-01,2014-12-31
11460,http://demo.kbplus.ac.uk/kbplus/subscriptionDetails/index/11460,SWETS: Journal of Romance Studies - Internet,51081809,2014-01-01,2014-12-31
11461,http://demo.kbplus.ac.uk/kbplus/subscriptionDetails/index/11461,SWETS: Quarterly of Applied Mathematics - Internet,51137872,2014-01-01,2014-12-31
11462,http://demo.kbplus.ac.uk/kbplus/subscriptionDetails/index/11462,SWETS: Journal of the European Economic Association - Internet,51147273,2014-01-01,2014-12-31
11463,http://demo.kbplus.ac.uk/kbplus/subscriptionDetails/index/11463,SWETS: American Journal of Botany - Internet,51175307,2014-01-01,2014-12-31
11464,http://demo.kbplus.ac.uk/kbplus/subscriptionDetails/index/11464,SWETS: Chest - Tier 5 - Internet,51189294,2014-01-01,2014-12-31
11465,http://demo.kbplus.ac.uk/kbplus/subscriptionDetails/index/11465,SWETS: Annals of Applied Statistics - Internet,51189936,2014-01-01,2014-12-31
11466,http://demo.kbplus.ac.uk/kbplus/subscriptionDetails/index/11466,SWETS: Annals of Applied Probability - Internet,51189944,2014-01-01,2014-12-31
11467,http://demo.kbplus.ac.uk/kbplus/subscriptionDetails/index/11467,SWETS: Environment and Society - Internet,51193470,2014-01-01,2014-12-31
11468,http://demo.kbplus.ac.uk/kbplus/subscriptionDetails/index/11468,SWETS: Astronomy and Astrophysics - Les Ulis - Internet,51249050,2014-01-01,2014-12-31
11469,http://demo.kbplus.ac.uk/kbplus/subscriptionDetails/index/11469,SWETS: Deutsche Zeitschrift fur Philosophie - Internet,51508985,2014-01-01,2014-12-31
11470,http://demo.kbplus.ac.uk/kbplus/subscriptionDetails/index/11470,SWETS: German Quarterly Package - Online Only - Internet,51508993,2014-01-01,2014-12-31
11471,http://demo.kbplus.ac.uk/kbplus/subscriptionDetails/index/11471,SWETS: History of Religions - Large Higher Education - Internet,51509001,2014-01-01,2014-12-31
11472,http://demo.kbplus.ac.uk/kbplus/subscriptionDetails/index/11472,SWETS: Jahrbuch der Osterreichischen Byzantinistik - Internet,51509027,2014-01-01,2014-12-31
11473,http://demo.kbplus.ac.uk/kbplus/subscriptionDetails/index/11473,SWETS: Research in African Literatures - Internet,51509043,2014-01-01,2014-12-31
11474,http://demo.kbplus.ac.uk/kbplus/subscriptionDetails/index/11474,SWETS: Signs - Journal of Women in Culture and Society - Large Higher Education - Internet,51509052,2014-01-04,2015-03-31
11475,http://demo.kbplus.ac.uk/kbplus/subscriptionDetails/index/11475,SWETS: STUF - Language Typology and Universals - Internet,51509060,2014-01-01,2014-12-31
11476,http://demo.kbplus.ac.uk/kbplus/subscriptionDetails/index/11476,SWETS: Australian and New Zealand Journal of Criminology - Internet,51584720,2014-01-01,2014-12-31
11477,http://demo.kbplus.ac.uk/kbplus/subscriptionDetails/index/11477,SWETS: Philosophy Psychiatry and Psychology - Internet,51855073,2014-01-01,2014-12-31
11478,http://demo.kbplus.ac.uk/kbplus/subscriptionDetails/index/11478,SWETS: Annals of Statistics - Internet,52341278,2014-01-01,2014-12-31
11479,http://demo.kbplus.ac.uk/kbplus/subscriptionDetails/index/11479,SWETS: Journal of GLBT Family Studies - Internet,52469495,2014-01-01,2014-12-31
11480,http://demo.kbplus.ac.uk/kbplus/subscriptionDetails/index/11480,SWETS: GLQ - a Journal of Lesbian and Gay Studies - Internet,52606743,2014-01-01,2014-12-31
11481,http://demo.kbplus.ac.uk/kbplus/subscriptionDetails/index/11481,SWETS: Midland History - Internet,52608924,2014-01-01,2014-12-31
11482,http://demo.kbplus.ac.uk/kbplus/subscriptionDetails/index/11482,SWETS: Families Relationships and Societies - Internet,52765396,2014-01-01,2014-12-31
11483,http://demo.kbplus.ac.uk/kbplus/subscriptionDetails/index/11483,SWETS: ASP Conference Series - Astronomical Society of the Pacific - Tier 4 - Internet,52796895,2014-01-01,2014-12-31
11484,http://demo.kbplus.ac.uk/kbplus/subscriptionDetails/index/11484,SWETS: Genes and Development - Tier 4 - Internet,52854917,2014-01-01,2014-12-31
11485,http://demo.kbplus.ac.uk/kbplus/subscriptionDetails/index/11485,SWETS: Journ of Bone and Joint Surg-A &Case Connect & Essent Surgical Techn-Site Lic-TIER 3-Inter,53186713,2014-01-01,2014-12-31
11486,http://demo.kbplus.ac.uk/kbplus/subscriptionDetails/index/11486,SWETS: Journal of the American Society of Nephrology - Internet,53298741,2014-01-01,2014-12-31
11487,http://demo.kbplus.ac.uk/kbplus/subscriptionDetails/index/11487,SWETS: Molecular and Cellular Proteomics - Internet,53298775,2014-01-01,2014-12-31
11488,http://demo.kbplus.ac.uk/kbplus/subscriptionDetails/index/11488,SWETS: Cell Cycle - Internet,53298805,2014-01-01,2014-12-31
11489,http://demo.kbplus.ac.uk/kbplus/subscriptionDetails/index/11489,SWETS: Current Gene Therapy - Internet,53298813,2014-01-01,2014-12-31
11490,http://demo.kbplus.ac.uk/kbplus/subscriptionDetails/index/11490,SWETS: Reproduction - Internet,53298822,2014-01-01,2014-12-31
11491,http://demo.kbplus.ac.uk/kbplus/subscriptionDetails/index/11491,SWETS: CSH Protocols - Tier 4 - Internet,53298848,2014-01-01,2014-12-31
11492,http://demo.kbplus.ac.uk/kbplus/subscriptionDetails/index/11492,SWETS: CSH Perspectives in Biology - Tier 4 - Internet,53298856,2014-01-01,2014-12-31
11493,http://demo.kbplus.ac.uk/kbplus/subscriptionDetails/index/11493,SWETS: Journal of Clinical Psychiatry - Tier 4 - Internet,53298881,2014-01-01,2014-12-31
11494,http://demo.kbplus.ac.uk/kbplus/subscriptionDetails/index/11494,SWETS: Journal of Histochemistry and Cytochemistry - Internet,53298911,2014-01-01,2014-12-31
11495,http://demo.kbplus.ac.uk/kbplus/subscriptionDetails/index/11495,SWETS: Journal of Motor Behavior - Internet,53298937,2014-01-01,2014-12-31
11496,http://demo.kbplus.ac.uk/kbplus/subscriptionDetails/index/11496,SWETS: Journal of the Philosophy of Sport - Internet,53298945,2014-01-01,2014-12-31
11497,http://demo.kbplus.ac.uk/kbplus/subscriptionDetails/index/11497,SWETS: Biological Chemistry - Internet,53298953,2014-01-01,2014-12-31
11498,http://demo.kbplus.ac.uk/kbplus/subscriptionDetails/index/11498,SWETS: Social Cognition - Internet,53298962,2014-01-01,2014-12-31
11499,http://demo.kbplus.ac.uk/kbplus/subscriptionDetails/index/11499,SWETS: Mammalia - Internet,53298988,2014-01-01,2014-12-31
11500,http://demo.kbplus.ac.uk/kbplus/subscriptionDetails/index/11500,SWETS: Technometrics - Tier 2 - 10000-19999 FTE - Internet,53298996,2014-01-01,2014-12-31
11501,http://demo.kbplus.ac.uk/kbplus/subscriptionDetails/index/11501,SWETS: Journal of Neurosurgery & JNS Spine & JNS Pediatrics - Single Site 2000-4999 FTE - Intern,53300877,2014-01-01,2014-12-31
11502,http://demo.kbplus.ac.uk/kbplus/subscriptionDetails/index/11502,SWETS: Voluntary Sector Review - Internet,53313715,2014-01-01,2014-12-31
11503,http://demo.kbplus.ac.uk/kbplus/subscriptionDetails/index/11503,SWETS: Telos - New York - Internet,53429128,2014-01-01,2014-12-31
11504,http://demo.kbplus.ac.uk/kbplus/subscriptionDetails/index/11504,SWETS: Symbolic Interaction - Journal of the Society for Study of Symb Interac - Basic Acc-Intern,53525909,2014-01-01,2014-12-31
11505,http://demo.kbplus.ac.uk/kbplus/subscriptionDetails/index/11505,SWETS: Canadian Journal of African Studies - Revue Canadienne des Etudes Africaines - Internet,53525917,2014-01-01,2014-12-31
11506,http://demo.kbplus.ac.uk/kbplus/subscriptionDetails/index/11506,SWETS: Discussion Papers of the CEPR - All Papers - Internet,53525925,2014-01-01,2014-12-31
11507,http://demo.kbplus.ac.uk/kbplus/subscriptionDetails/index/11507,SWETS: Journal of Economic Policy Reform - Internet,53525942,2014-01-01,2014-12-31
11508,http://demo.kbplus.ac.uk/kbplus/subscriptionDetails/index/11508,SWETS: Quarterly Journal of Economics - Internet,53525950,2014-01-01,2014-12-31
11509,http://demo.kbplus.ac.uk/kbplus/subscriptionDetails/index/11509,SWETS: Health and Social Work - Internet,53526425,2014-01-01,2014-12-31
11510,http://demo.kbplus.ac.uk/kbplus/subscriptionDetails/index/11510,SWETS: Social Work Research - Internet,53526442,2014-01-01,2014-12-31
11511,http://demo.kbplus.ac.uk/kbplus/subscriptionDetails/index/11511,SWETS: Rural Sociology - Internet,53526450,2014-01-01,2014-12-31
11512,http://demo.kbplus.ac.uk/kbplus/subscriptionDetails/index/11512,SWETS: Social Forces - Internet,53526468,2014-01-01,2014-12-31
11513,http://demo.kbplus.ac.uk/kbplus/subscriptionDetails/index/11513,SWETS: Contributions to the History of Concepts - Internet,53530775,2014-01-01,2014-12-31
11514,http://demo.kbplus.ac.uk/kbplus/subscriptionDetails/index/11514,SWETS: International Review of Victimology - Internet,53530881,2014-01-01,2014-12-31
11515,http://demo.kbplus.ac.uk/kbplus/subscriptionDetails/index/11515,SWETS: NBER Working Paper Series - Full Subscription - Academic Rate - Internet,53533057,2014-01-06,2015-05-31
11516,http://demo.kbplus.ac.uk/kbplus/subscriptionDetails/index/11516,SWETS: Tel Aviv - Journal of the Tel Aviv University Institute of Archaeology - Internet,53745933,2014-01-01,2014-12-31
11517,http://demo.kbplus.ac.uk/kbplus/subscriptionDetails/index/11517,SWETS: Blake - an Illustrated Quarterly - Internet,53815630,2014-01-07,2015-06-30
11518,http://demo.kbplus.ac.uk/kbplus/subscriptionDetails/index/11518,SWETS: Museum History Journal - Internet,53815932,2014-01-01,2014-12-31
11519,http://demo.kbplus.ac.uk/kbplus/subscriptionDetails/index/11519,SWETS: Millennium Jahrbuch - Internet,53815958,2014-01-01,2014-12-31
11520,http://demo.kbplus.ac.uk/kbplus/subscriptionDetails/index/11520,SWETS: Religion and Society - Berghahn - Internet,53819449,2014-01-01,2014-12-31
11521,http://demo.kbplus.ac.uk/kbplus/subscriptionDetails/index/11521,SWETS: Journal for Research in Mathematics Education - Higher Education Large - Internet,53819465,2014-01-01,2014-12-31
11522,http://demo.kbplus.ac.uk/kbplus/subscriptionDetails/index/11522,SWETS: Chinese Historical Review - Internet,53819473,2014-01-01,2014-12-31
11523,http://demo.kbplus.ac.uk/kbplus/subscriptionDetails/index/11523,SWETS: Social Analysis - Internet,53819490,2014-01-01,2014-12-31
11524,http://demo.kbplus.ac.uk/kbplus/subscriptionDetails/index/11524,SWETS: Zeitschrift fur Philosophische Forschung - Internet,53819503,2014-01-01,2014-12-31
11525,http://demo.kbplus.ac.uk/kbplus/subscriptionDetails/index/11525,SWETS: Sacris Erudiri - Internet,53827743,2014-01-01,2014-12-31
11526,http://demo.kbplus.ac.uk/kbplus/subscriptionDetails/index/11526,SWETS: American Journal of Archaeology - Internet,53892294,2014-01-01,2014-12-31
11527,http://demo.kbplus.ac.uk/kbplus/subscriptionDetails/index/11527,SWETS: Expert Review of Vaccines - Internet,53926784,2014-01-01,2014-12-31
11528,http://demo.kbplus.ac.uk/kbplus/subscriptionDetails/index/11528,SWETS: International Yearbook of Futurism Studies - Internet,54171345,2014-01-01,2014-12-31
11529,http://demo.kbplus.ac.uk/kbplus/subscriptionDetails/index/11529,SWETS: London Journal - Internet,54222446,2014-01-01,2014-12-31
11530,http://demo.kbplus.ac.uk/kbplus/subscriptionDetails/index/11530,SWETS: Humanity - Internet,54259561,2014-11-01,2015-01-10
11531,http://demo.kbplus.ac.uk/kbplus/subscriptionDetails/index/11531,SWETS: Annals of Internal Medicine - Tier F - Site License - Internet,54401201,2014-01-01,2014-12-31
11532,http://demo.kbplus.ac.uk/kbplus/subscriptionDetails/index/11532,SWETS: Lyell Collection - Complete Package - Internet,54428282,2014-01-01,2014-12-31
11533,http://demo.kbplus.ac.uk/kbplus/subscriptionDetails/index/11533,SWETS: Exceptional Children - Internet,54441059,2014-01-03,2015-02-28
11534,http://demo.kbplus.ac.uk/kbplus/subscriptionDetails/index/11534,SWETS: Carl Beck Papers in Russian and East European Studies - Internet,54444244,2014-01-02,2015-01-31
11535,http://demo.kbplus.ac.uk/kbplus/subscriptionDetails/index/11535,SWETS: International Yearbook for Tillich Research - Internet,54445089,2014-01-01,2014-12-31
11536,http://demo.kbplus.ac.uk/kbplus/subscriptionDetails/index/11536,SWETS: Dutch Crossing - Internet,54473457,2014-01-01,2014-12-31
11537,http://demo.kbplus.ac.uk/kbplus/subscriptionDetails/index/11537,SWETS: Philosophia Naturalis - Internet,54542751,2014-01-01,2014-12-31
11538,http://demo.kbplus.ac.uk/kbplus/subscriptionDetails/index/11538,SWETS: European Journal for Philosophy of Religion - Internet,54592367,2014-01-01,2014-12-31
11539,http://demo.kbplus.ac.uk/kbplus/subscriptionDetails/index/11539,SWETS: Journal of the Oxford Centre for Buddhist Studies - Internet,54602257,2014-01-01,2014-12-31
11540,http://demo.kbplus.ac.uk/kbplus/subscriptionDetails/index/11540,SWETS: SATS - Northern European Journal of Philosophy - Internet,54625460,2014-01-01,2014-12-31
11541,http://demo.kbplus.ac.uk/kbplus/subscriptionDetails/index/11541,SWETS: Zeitschrift fur Religionswissenschaft - Internet,54625974,2014-01-01,2014-12-31
11542,http://demo.kbplus.ac.uk/kbplus/subscriptionDetails/index/11542,SWETS: Monthly Weather Review - Boston - Internet & Earth Interactions - Internet,54631312,2014-01-01,2014-12-31
11543,http://demo.kbplus.ac.uk/kbplus/subscriptionDetails/index/11543,SWETS: Romance Studies - Internet,54673278,2014-01-01,2014-12-31
11544,http://demo.kbplus.ac.uk/kbplus/subscriptionDetails/index/11544,SWETS: Crossings - Journal of Migration and Culture - Internet,54723453,2014-01-01,2014-12-31
11545,http://demo.kbplus.ac.uk/kbplus/subscriptionDetails/index/11545,SWETS: Longitudinal and Life Course Studies - Internet,54725065,2014-03-28,2015-03-27
11546,http://demo.kbplus.ac.uk/kbplus/subscriptionDetails/index/11546,SWETS: Journal of Forestry  - Internet,54999611,2014-01-01,2014-12-31
11547,http://demo.kbplus.ac.uk/kbplus/subscriptionDetails/index/11547,SWETS: Technology and Culture - Internet,55121627,2014-01-01,2014-12-31
11548,http://demo.kbplus.ac.uk/kbplus/subscriptionDetails/index/11548,SWETS: Basic Income Studies - Internet,55134273,2014-01-01,2014-12-31
11549,http://demo.kbplus.ac.uk/kbplus/subscriptionDetails/index/11549,SWETS: Economists Voice - Internet,55134282,2014-01-01,2014-12-31
11550,http://demo.kbplus.ac.uk/kbplus/subscriptionDetails/index/11550,SWETS: Forum - Journal of Applied Research in Contemporary Politics - Internet,55134290,2014-01-01,2014-12-31
11551,http://demo.kbplus.ac.uk/kbplus/subscriptionDetails/index/11551,SWETS: World Political Science Review - Internet,55134312,2014-01-01,2014-12-31
11552,http://demo.kbplus.ac.uk/kbplus/subscriptionDetails/index/11552,SWETS: Herbmedpro - Internet,55151429,2014-01-01,2014-12-31
11553,http://demo.kbplus.ac.uk/kbplus/subscriptionDetails/index/11553,SWETS: Journal of Nutrition - Single Site - Internet,55151437,2014-01-01,2014-12-31
11554,http://demo.kbplus.ac.uk/kbplus/subscriptionDetails/index/11554,SWETS: Alzheimer's Research and Therapy - Open Access - Internet,55151445,2014-01-01,2014-12-31
11555,http://demo.kbplus.ac.uk/kbplus/subscriptionDetails/index/11555,SWETS: Journal of Alzheimer's Disease - Internet,55151453,2014-01-01,2014-12-31
11556,http://demo.kbplus.ac.uk/kbplus/subscriptionDetails/index/11556,SWETS: Journal of Clinical Investigation - Tier 3 - Internet,55151462,2014-01-01,2014-12-31
11557,http://demo.kbplus.ac.uk/kbplus/subscriptionDetails/index/11557,SWETS: Autophagy - Internet,55151470,2014-01-01,2014-12-31
11558,http://demo.kbplus.ac.uk/kbplus/subscriptionDetails/index/11558,SWETS: Epigenetics - Internet,55151488,2014-01-01,2014-12-31
11559,http://demo.kbplus.ac.uk/kbplus/subscriptionDetails/index/11559,SWETS: Mabs - Internet,55151496,2014-01-01,2014-12-31
11560,http://demo.kbplus.ac.uk/kbplus/subscriptionDetails/index/11560,SWETS: Journal of Leukocyte Biology - Multi Site License - Internet,55151500,2014-01-01,2014-12-31
11561,http://demo.kbplus.ac.uk/kbplus/subscriptionDetails/index/11561,SWETS: Cultural Politics - Internet,55151551,2014-01-01,2014-12-31
11562,http://demo.kbplus.ac.uk/kbplus/subscriptionDetails/index/11562,SWETS: Perception - London - Internet,55174437,2014-01-01,2014-12-31
11563,http://demo.kbplus.ac.uk/kbplus/subscriptionDetails/index/11563,SWETS: Proceedings of the Institution of Mechanical Engineers - A - Internet,55174445,2014-01-01,2014-12-31
11564,http://demo.kbplus.ac.uk/kbplus/subscriptionDetails/index/11564,SWETS: Proceedings of the Institution of Mechanical Engineers - H - Internet,55174453,2014-01-01,2014-12-31
11565,http://demo.kbplus.ac.uk/kbplus/subscriptionDetails/index/11565,SWETS: Annual Review of Applied Linguistics - Internet,55269862,2014-01-01,2014-12-31
11566,http://demo.kbplus.ac.uk/kbplus/subscriptionDetails/index/11566,SWETS: Assessment in Education - Principles Policy and Practice - Internet,55269870,2014-01-01,2014-12-31
11567,http://demo.kbplus.ac.uk/kbplus/subscriptionDetails/index/11567,SWETS: British Educational Research Journal - Internet,55269888,2014-01-01,2014-12-31
11568,http://demo.kbplus.ac.uk/kbplus/subscriptionDetails/index/11568,SWETS: British Journal of Sociology of Education - Internet,55269896,2014-01-01,2014-12-31
11569,http://demo.kbplus.ac.uk/kbplus/subscriptionDetails/index/11569,SWETS: Cambridge Journal of Education - Internet,55269900,2014-01-01,2014-12-31
11570,http://demo.kbplus.ac.uk/kbplus/subscriptionDetails/index/11570,SWETS: Changing English - Studies in Culture and Education - Internet,55269926,2014-01-01,2014-12-31
11571,http://demo.kbplus.ac.uk/kbplus/subscriptionDetails/index/11571,SWETS: Compare - a Journal of Comparative Education and International Education - Internet,55269951,2014-01-01,2014-12-31
11572,http://demo.kbplus.ac.uk/kbplus/subscriptionDetails/index/11572,SWETS: Curriculum Journal - Internet,55269969,2014-01-01,2014-12-31
11573,http://demo.kbplus.ac.uk/kbplus/subscriptionDetails/index/11573,SWETS: Educational Action Research - Internet,55269977,2014-01-01,2014-12-31
11574,http://demo.kbplus.ac.uk/kbplus/subscriptionDetails/index/11574,SWETS: Educational Forum - Internet,55269993,2014-01-01,2014-12-31
11575,http://demo.kbplus.ac.uk/kbplus/subscriptionDetails/index/11575,SWETS: Educational Policy - Internet,55270011,2014-01-01,2014-12-31
11576,http://demo.kbplus.ac.uk/kbplus/subscriptionDetails/index/11576,SWETS: Educational Research - Colchester - Internet,55270029,2014-01-01,2014-12-31
11577,http://demo.kbplus.ac.uk/kbplus/subscriptionDetails/index/11577,SWETS: Environmental Education Research - Internet,55270037,2014-01-01,2014-12-31
11578,http://demo.kbplus.ac.uk/kbplus/subscriptionDetails/index/11578,SWETS: Gender and Education - Internet,55270045,2014-01-01,2014-12-31
11579,http://demo.kbplus.ac.uk/kbplus/subscriptionDetails/index/11579,SWETS: International Journal of Early Years Education - Internet,55270062,2014-01-01,2014-12-31
11580,http://demo.kbplus.ac.uk/kbplus/subscriptionDetails/index/11580,SWETS: International Research in Geographical and Environmental Education - Internet,55270070,2014-01-01,2014-12-31
11581,http://demo.kbplus.ac.uk/kbplus/subscriptionDetails/index/11581,SWETS: Journal of Curriculum Studies - Internet,55270088,2014-01-01,2014-12-31
11582,http://demo.kbplus.ac.uk/kbplus/subscriptionDetails/index/11582,SWETS: Journal of Early Childhood Literacy - Internet,55270096,2014-01-01,2014-12-31
11583,http://demo.kbplus.ac.uk/kbplus/subscriptionDetails/index/11583,SWETS: Journal of Education for Teaching - Internet,55270118,2014-01-01,2014-12-31
11584,http://demo.kbplus.ac.uk/kbplus/subscriptionDetails/index/11584,SWETS: Journal of Education Policy - Internet,55270126,2014-01-01,2014-12-31
11585,http://demo.kbplus.ac.uk/kbplus/subscriptionDetails/index/11585,SWETS: Journal of Teacher Education - Internet,55270134,2014-01-01,2014-12-31
11586,http://demo.kbplus.ac.uk/kbplus/subscriptionDetails/index/11586,SWETS: Journal of Vocational Education and Training - Internet,55270151,2014-01-01,2014-12-31
11587,http://demo.kbplus.ac.uk/kbplus/subscriptionDetails/index/11587,SWETS: Language Teaching - Internet,55270169,2014-01-01,2014-12-31
11588,http://demo.kbplus.ac.uk/kbplus/subscriptionDetails/index/11588,SWETS: Language Teaching Research - Internet,55270185,2014-01-01,2014-12-31
11589,http://demo.kbplus.ac.uk/kbplus/subscriptionDetails/index/11589,SWETS: Mind Culture and Activity - Internet,55270193,2014-01-01,2014-12-31
11590,http://demo.kbplus.ac.uk/kbplus/subscriptionDetails/index/11590,SWETS: Qualitative Research - Internet,55270207,2014-01-01,2014-12-31
11591,http://demo.kbplus.ac.uk/kbplus/subscriptionDetails/index/11591,SWETS: Research Papers in Education - Internet,55270223,2014-01-01,2014-12-31
11592,http://demo.kbplus.ac.uk/kbplus/subscriptionDetails/index/11592,SWETS: Teacher Development - Intern Journal of Teachers' Professional Development - Internet,55270232,2014-01-01,2014-12-31
11593,http://demo.kbplus.ac.uk/kbplus/subscriptionDetails/index/11593,SWETS: Teachers and Teaching - Theory and Practice - Internet,55270258,2014-01-01,2014-12-31
11594,http://demo.kbplus.ac.uk/kbplus/subscriptionDetails/index/11594,SWETS: Technology Pedagogy and Education - Internet,55270274,2014-01-01,2014-12-31
11595,http://demo.kbplus.ac.uk/kbplus/subscriptionDetails/index/11595,SWETS: Educational Researcher - Internet,55280768,2014-01-01,2014-12-31
11596,http://demo.kbplus.ac.uk/kbplus/subscriptionDetails/index/11596,SWETS: English Education - Internet,55280784,2014-01-01,2014-12-31
11597,http://demo.kbplus.ac.uk/kbplus/subscriptionDetails/index/11597,SWETS: International Journal of Training Research - Internet,55280806,2014-01-01,2014-12-31
11598,http://demo.kbplus.ac.uk/kbplus/subscriptionDetails/index/11598,SWETS: Journal of Geoscience Education - Internet,55280814,2014-01-01,2014-12-31
11599,http://demo.kbplus.ac.uk/kbplus/subscriptionDetails/index/11599,SWETS: Research in the Teaching of English - Internet,55280831,2014-01-01,2014-12-31
11600,http://demo.kbplus.ac.uk/kbplus/subscriptionDetails/index/11600,SWETS: World Studies in Education - Internet,55280849,2014-01-01,2014-12-31
11601,http://demo.kbplus.ac.uk/kbplus/subscriptionDetails/index/11601,SWETS: Mathematics Teaching - incorporating Micromath - Internet,55287746,2014-01-01,2014-12-31
11602,http://demo.kbplus.ac.uk/kbplus/subscriptionDetails/index/11602,SWETS: International Journal for Researcher Development - Internet,55287771,2014-01-01,2014-12-31
11603,http://demo.kbplus.ac.uk/kbplus/subscriptionDetails/index/11603,SWETS: Studies in Science Education - Internet,55298187,2014-01-01,2014-12-31
11604,http://demo.kbplus.ac.uk/kbplus/subscriptionDetails/index/11604,SWETS: Australian Journal of Environmental Education - Internet,55298209,2014-01-01,2014-12-31
11605,http://demo.kbplus.ac.uk/kbplus/subscriptionDetails/index/11605,SWETS: British Journal of Educational Studies - Internet,55298217,2014-01-01,2014-12-31
11606,http://demo.kbplus.ac.uk/kbplus/subscriptionDetails/index/11606,SWETS: British Journal of Educational Psychology - Internet,55298225,2014-01-01,2014-12-31
11607,http://demo.kbplus.ac.uk/kbplus/subscriptionDetails/index/11607,SWETS: Educational Philosophy and Theory - Internet,55298242,2014-01-01,2014-12-31
11608,http://demo.kbplus.ac.uk/kbplus/subscriptionDetails/index/11608,SWETS: Educational Studies - Basingstoke - Internet,55298250,2014-01-01,2014-12-31
11609,http://demo.kbplus.ac.uk/kbplus/subscriptionDetails/index/11609,SWETS: Journal of Environmental Education - Internet,55298276,2014-01-01,2014-12-31
11610,http://demo.kbplus.ac.uk/kbplus/subscriptionDetails/index/11610,SWETS: Critical Reviews in Immunology - Internet,55512596,2014-01-01,2014-12-31
11611,http://demo.kbplus.ac.uk/kbplus/subscriptionDetails/index/11611,SWETS: N Paradoxa - International Feminist Art Journal - Back Access Purchase - Internet,55568303,2014-01-01,2014-12-31
11612,http://demo.kbplus.ac.uk/kbplus/subscriptionDetails/index/11612,SWETS: Preternature - MUSE - Internet,55568346,2014-01-01,2014-12-31
11613,http://demo.kbplus.ac.uk/kbplus/subscriptionDetails/index/11613,SWETS: Social Science History - Internet,55568711,2014-01-01,2014-12-31
11614,http://demo.kbplus.ac.uk/kbplus/subscriptionDetails/index/11614,SWETS: French Politics Culture and Society - Internet,55573625,2014-01-01,2014-12-31
11615,http://demo.kbplus.ac.uk/kbplus/subscriptionDetails/index/11615,SWETS: Museum Worlds - Internet,55661575,2014-01-01,2014-12-31
11616,http://demo.kbplus.ac.uk/kbplus/subscriptionDetails/index/11616,SWETS: Endoscopy - Internet,55679903,2014-01-01,2014-12-31
11617,http://demo.kbplus.ac.uk/kbplus/subscriptionDetails/index/11617,SWETS: European Journal of Pediatric Surgery - Internet,55679912,2014-01-01,2014-12-31
11618,http://demo.kbplus.ac.uk/kbplus/subscriptionDetails/index/11618,SWETS: Hormone and Metabolic Research - Internet,55679938,2014-01-01,2014-12-31
11619,http://demo.kbplus.ac.uk/kbplus/subscriptionDetails/index/11619,SWETS: British Journal of General Practice - Internet,55692357,2014-01-01,2014-12-31
11620,http://demo.kbplus.ac.uk/kbplus/subscriptionDetails/index/11620,SWETS: Journal of Immersion and Content Based Language Education - Internet,55730224,2014-01-01,2014-12-31
11621,http://demo.kbplus.ac.uk/kbplus/subscriptionDetails/index/11621,SWETS: Journal of the Canadian Society for Coptic Studies - Internet,55817125,2014-01-01,2014-12-31
11622,http://demo.kbplus.ac.uk/kbplus/subscriptionDetails/index/11622,SWETS: Public Affairs Quarterly - Internet,55922239,2014-01-01,2014-12-31
11623,http://demo.kbplus.ac.uk/kbplus/subscriptionDetails/index/11623,SWETS: Mediaeval Journal - Internet,55966325,2014-01-01,2014-12-31
11624,http://demo.kbplus.ac.uk/kbplus/subscriptionDetails/index/11624,SWETS: Medieval Sermon Studies - Internet,55966333,2014-01-01,2014-12-31
11625,http://demo.kbplus.ac.uk/kbplus/subscriptionDetails/index/11625,SWETS: Proceedings and Addresses of the American Philosophical Association - Internet,56702933,2014-01-01,2014-12-31
11626,http://demo.kbplus.ac.uk/kbplus/subscriptionDetails/index/11626,SWETS: Nuova Rivista di Letteratura Italiana - Internet,56770972,2014-01-01,2014-12-31
11627,http://demo.kbplus.ac.uk/kbplus/subscriptionDetails/index/11627,SWETS: Journal of Bone and Joint Surgery - 1889-1995 Archive - One Time Purchase - Internet,56771129,2014-01-01,2014-12-31
11628,http://demo.kbplus.ac.uk/kbplus/subscriptionDetails/index/11628,SWETS: Journal of Education Finance - Internet,56776333,2014-01-07,2015-06-30
11629,http://demo.kbplus.ac.uk/kbplus/subscriptionDetails/index/11629,SWETS: Nottingham Medieval Studies - Full Archive - Internet,56809797,2014-01-01,2014-12-31
11630,http://demo.kbplus.ac.uk/kbplus/subscriptionDetails/index/11630,SWETS: Nottingham Medieval Studies - Internet,56809801,2014-01-01,2014-12-31
11631,http://demo.kbplus.ac.uk/kbplus/subscriptionDetails/index/11631,SWETS: Music and the Moving Image - Internet,56839068,2014-01-01,2014-12-31
11632,http://demo.kbplus.ac.uk/kbplus/subscriptionDetails/index/11632,SWETS: Luxury - Internet,56899338,2014-01-01,2014-12-31
11633,http://demo.kbplus.ac.uk/kbplus/subscriptionDetails/index/11633,SWETS: Journal of Medieval Monastic Studies - Internet,56910714,2014-01-01,2014-12-31
11634,http://demo.kbplus.ac.uk/kbplus/subscriptionDetails/index/11634,SWETS: Australian and New Zealand Journal of Art - Internet,56911257,2014-01-01,2014-12-31
11635,http://demo.kbplus.ac.uk/kbplus/subscriptionDetails/index/11635,SWETS: Children and Young People Now - Internet,56920418,2014-10-02,2015-02-09
11636,http://demo.kbplus.ac.uk/kbplus/subscriptionDetails/index/11636,SWETS: HOPOS - Large Higher Education - Internet,56938881,2014-01-01,2014-12-31
11637,http://demo.kbplus.ac.uk/kbplus/subscriptionDetails/index/11637,SWETS: Management Science - Internet,56976677,2014-01-01,2014-12-31
11638,http://demo.kbplus.ac.uk/kbplus/subscriptionDetails/index/11638,SWETS: HSIR - Historical Studies in Industrial Relations - Internet,57006591,2014-01-01,2014-12-31
11639,http://demo.kbplus.ac.uk/kbplus/subscriptionDetails/index/11639,SWETS: Cahiers Elisabethains - Biannual Journal of English Renaissance Studies - Internet,57084932,2014-01-01,2014-12-31
11640,http://demo.kbplus.ac.uk/kbplus/subscriptionDetails/index/11640,SWETS: Choice Reviews Online - Academic Libraries - FTE 10000+ - Internet,57168973,2014-01-06,2015-05-31
11641,http://demo.kbplus.ac.uk/kbplus/subscriptionDetails/index/11641,SWETS: I Tatti Studies in the Italian Renaissance - Higher Education Large - Internet,57177964,2014-01-01,2014-12-31
11642,http://demo.kbplus.ac.uk/kbplus/subscriptionDetails/index/11642,SWETS: Journal of the History of Childhood and Youth - Internet,57195695,2014-01-01,2014-12-31
11643,http://demo.kbplus.ac.uk/kbplus/subscriptionDetails/index/11643,SWETS: INFORMS Journal on Computing - Internet,57237134,2014-01-01,2014-12-31
11644,http://demo.kbplus.ac.uk/kbplus/subscriptionDetails/index/11644,SWETS: Critical Historical Studies - Higher Education Large - Internet,57246028,2014-01-01,2014-12-31
11645,http://demo.kbplus.ac.uk/kbplus/subscriptionDetails/index/11645,SWETS: Cultural and Social History - Journal of the Social History Society - Internet,57276628,2014-01-01,2014-12-31
11646,http://demo.kbplus.ac.uk/kbplus/subscriptionDetails/index/11646,SWETS: International Journal of American Linguistics - Large Higher Education - Internet,57276636,2014-01-01,2014-12-31
11647,http://demo.kbplus.ac.uk/kbplus/subscriptionDetails/index/11647,SWETS: International Review of Environmental and Resource Economics - Internet,57276661,2014-01-01,2014-12-31
11648,http://demo.kbplus.ac.uk/kbplus/subscriptionDetails/index/11648,SWETS: China Media Research - Internet,57276679,2014-01-01,2014-12-31
11649,http://demo.kbplus.ac.uk/kbplus/subscriptionDetails/index/11649,SWETS: Asia Policy - Internet,57289436,2014-01-01,2014-12-31
11650,http://demo.kbplus.ac.uk/kbplus/subscriptionDetails/index/11650,SWETS: European Journal of Social Security - IP Access - Internet,57291996,2014-01-07,2015-06-30
11651,http://demo.kbplus.ac.uk/kbplus/subscriptionDetails/index/11651,SWETS: Human Geography - Internet,57292879,2014-01-01,2014-12-31
11652,http://demo.kbplus.ac.uk/kbplus/subscriptionDetails/index/11652,SWETS: Teachers College Record - Internet,57292895,2014-01-01,2014-12-31
11653,http://demo.kbplus.ac.uk/kbplus/subscriptionDetails/index/11653,SWETS: New Perspectives on Turkey - Internet,57297502,2014-01-01,2014-12-31
11654,http://demo.kbplus.ac.uk/kbplus/subscriptionDetails/index/11654,SWETS: Militargeschichtliche Zeitschrift - Internet,57383297,2014-01-01,2014-12-31
11655,http://demo.kbplus.ac.uk/kbplus/subscriptionDetails/index/11655,SWETS: Canadian Journal of Chemistry - Site License - Internet,57386857,2014-01-01,2014-12-31
11656,http://demo.kbplus.ac.uk/kbplus/subscriptionDetails/index/11656,SWETS: Medieval Low Countries - Internet,57387900,2014-01-01,2014-12-31
11657,http://demo.kbplus.ac.uk/kbplus/subscriptionDetails/index/11657,SWETS: IRAL - International Review of Applied Linguistics in Language Teaching - Internet,57409865,2014-01-01,2014-12-31
11658,http://demo.kbplus.ac.uk/kbplus/subscriptionDetails/index/11658,SWETS: Phytotaxa - Internet,57411151,2014-01-01,2014-12-31
11659,http://demo.kbplus.ac.uk/kbplus/subscriptionDetails/index/11659,SWETS: Deutsches Dante Jahrbuch - Internet,57411177,2014-01-01,2014-12-31
11660,http://demo.kbplus.ac.uk/kbplus/subscriptionDetails/index/11660,SWETS: Zeitschrift fur Naturforschung A - Journal of Physical Sciences - Internet,57416896,2014-01-01,2014-12-31
11661,http://demo.kbplus.ac.uk/kbplus/subscriptionDetails/index/11661,SWETS: Zeitschrift fur Naturforschung B - Journal of Chemical Sciences - Internet,57416900,2014-01-01,2014-12-31
11662,http://demo.kbplus.ac.uk/kbplus/subscriptionDetails/index/11662,SWETS: Critical Interventions - Journal of African Art and Visual Culture - Internet,57416993,2014-01-01,2014-12-31
11663,http://demo.kbplus.ac.uk/kbplus/subscriptionDetails/index/11663,SWETS: Fruhmittelalterliche Studien - Jahrbuch des Instituts fur Fruhmittelalterforschung- Intern,57417027,2014-01-01,2014-12-31
11664,http://demo.kbplus.ac.uk/kbplus/subscriptionDetails/index/11664,SWETS: Ancient History Bulletin - Internet,57428461,2014-01-01,2014-12-31
11665,http://demo.kbplus.ac.uk/kbplus/subscriptionDetails/index/11665,SWETS: Kant Yearbook - Internet,57430414,2014-01-01,2014-12-31
11666,http://demo.kbplus.ac.uk/kbplus/subscriptionDetails/index/11666,SWETS: Contemporary Pragmatism - Internet,57431551,2014-01-01,2014-12-31
11667,http://demo.kbplus.ac.uk/kbplus/subscriptionDetails/index/11667,SWETS: Journal of Ancient Near Eastern History - Internet,57443443,2014-01-01,2014-12-31
11668,http://demo.kbplus.ac.uk/kbplus/subscriptionDetails/index/11668,SWETS: World Policy Journal - Internet,67995411,2014-01-01,2014-12-31
11669,http://demo.kbplus.ac.uk/kbplus/subscriptionDetails/index/11669,SWETS: Association for Language Learning - Complete Subscription - Internet,88526313,2014-01-01,2014-12-31
