11359,https://www.kbplus.ac.uk/kbplus/subscriptionDetails/index/11359,Sociological Research Online - Internet (SWETS),17037266,2014-01-01,2014-12-31
11360,https://www.kbplus.ac.uk/kbplus/subscriptionDetails/index/11360,New England Journal of Medicine - Tier 4B - Academic Clinical Site License - Internet (SWETS),28449803,2014-01-08,2015-07-31
11361,https://www.kbplus.ac.uk/kbplus/subscriptionDetails/index/11361,Gerontologist - Internet (SWETS),28810115,2014-01-01,2014-12-31
11362,https://www.kbplus.ac.uk/kbplus/subscriptionDetails/index/11362,Generations - San Francisco - Internet (SWETS),28811715,2014-01-01,2014-12-31
11363,https://www.kbplus.ac.uk/kbplus/subscriptionDetails/index/11363,Psychology Crime and Law - Internet (SWETS),29785904,2014-01-01,2014-12-31
11364,https://www.kbplus.ac.uk/kbplus/subscriptionDetails/index/11364,Acta Crystallographica - Sections A & B & C & D & E & F - Internet (SWETS),36185038,2014-01-01,2014-12-31
11365,https://www.kbplus.ac.uk/kbplus/subscriptionDetails/index/11365,eHRAF World Cultures - Member Institution - Library budget over US$ 5 million - Internet (SWETS),36185224,2014-01-07,2015-06-30
11366,https://www.kbplus.ac.uk/kbplus/subscriptionDetails/index/11366,RNA - Tier 4 - Internet (SWETS),36185356,2014-01-01,2014-12-31
11367,https://www.kbplus.ac.uk/kbplus/subscriptionDetails/index/11367,Criminology Package - Online Only - Internet (SWETS),37314184,2014-01-01,2014-12-31
11368,https://www.kbplus.ac.uk/kbplus/subscriptionDetails/index/11368,Comparative Education Review - Large Higher Education - Internet (SWETS),37452684,2014-01-01,2014-12-31
11369,https://www.kbplus.ac.uk/kbplus/subscriptionDetails/index/11369,European Educational Research Journal - Internet (SWETS),38763403,2014-01-01,2014-12-31
11370,https://www.kbplus.ac.uk/kbplus/subscriptionDetails/index/11370,E-Learning and Digital Media - Internet (SWETS),38777901,2014-01-01,2014-12-31
11371,https://www.kbplus.ac.uk/kbplus/subscriptionDetails/index/11371,Journal of the Learning Sciences - Internet (SWETS),38777927,2014-01-01,2014-12-31
11372,https://www.kbplus.ac.uk/kbplus/subscriptionDetails/index/11372,Research in Comparative and International Education - Internet (SWETS),38777935,2014-01-01,2014-12-31
11373,https://www.kbplus.ac.uk/kbplus/subscriptionDetails/index/11373,BEB - International Journal of Bilingual Education and Bilingualism - Internet (SWETS),38777943,2014-01-01,2014-12-31
11374,https://www.kbplus.ac.uk/kbplus/subscriptionDetails/index/11374,Language Speech and Hearing Services in Schools - Internet (SWETS),39061305,2014-01-01,2014-12-31
11375,https://www.kbplus.ac.uk/kbplus/subscriptionDetails/index/11375,Journal of Poverty and Social Justice - Internet (SWETS),39176145,2014-01-01,2014-12-31
11376,https://www.kbplus.ac.uk/kbplus/subscriptionDetails/index/11376,International Journal of Modern Physics B - Internet (SWETS),39772554,2014-01-01,2014-12-31
11377,https://www.kbplus.ac.uk/kbplus/subscriptionDetails/index/11377,Ecology - Ecological Society of America - Single Site - Large - 3000+ FTE's - Internet (SWETS),40084674,2014-01-01,2014-12-31
11378,https://www.kbplus.ac.uk/kbplus/subscriptionDetails/index/11378,Africa - Journal Internat African Institute - Internet & Africa Bibliography - Internet (SWETS),40169190,2014-01-01,2014-12-31
11379,https://www.kbplus.ac.uk/kbplus/subscriptionDetails/index/11379,African Arts - Internet (SWETS),40169220,2014-01-01,2014-12-31
11380,https://www.kbplus.ac.uk/kbplus/subscriptionDetails/index/11380,Journal of African Cultural Studies - Internet (SWETS),40169238,2014-01-01,2014-12-31
11381,https://www.kbplus.ac.uk/kbplus/subscriptionDetails/index/11381,Journal of Cold War Studies - Internet (SWETS),40234472,2014-01-01,2014-12-31
11382,https://www.kbplus.ac.uk/kbplus/subscriptionDetails/index/11382,Home Cultures - Internet (SWETS),41384672,2014-01-01,2014-12-31
11383,https://www.kbplus.ac.uk/kbplus/subscriptionDetails/index/11383,Journal of Eastern African Studies - Internet (SWETS),42742563,2014-01-01,2014-12-31
11384,https://www.kbplus.ac.uk/kbplus/subscriptionDetails/index/11384,Nomadic Peoples - Internet (SWETS),43024826,2014-01-01,2014-12-31
11385,https://www.kbplus.ac.uk/kbplus/subscriptionDetails/index/11385,Evidence and Policy - Internet (SWETS),43252187,2014-01-01,2014-12-31
11386,https://www.kbplus.ac.uk/kbplus/subscriptionDetails/index/11386,Proceedings of the National Academy of Sciences of the USA - Tier 4 - Internet (SWETS),44877547,2014-01-01,2014-12-31
11387,https://www.kbplus.ac.uk/kbplus/subscriptionDetails/index/11387,Pediatrics - English Edition - Site License - Tier 3 - Internet (SWETS),45025978,2014-01-01,2014-12-31
11388,https://www.kbplus.ac.uk/kbplus/subscriptionDetails/index/11388,American Journal of Critical Care - Internet (SWETS),45025986,2014-01-01,2014-12-31
11389,https://www.kbplus.ac.uk/kbplus/subscriptionDetails/index/11389,Diabetes Care - Alexandria - Multi Site License - Internet (SWETS),45025994,2014-01-01,2014-12-31
11390,https://www.kbplus.ac.uk/kbplus/subscriptionDetails/index/11390,American Journal of Tropical Medicine and Hygiene - Tier 3 - Internet (SWETS),45026028,2014-01-01,2014-12-31
11391,https://www.kbplus.ac.uk/kbplus/subscriptionDetails/index/11391,Experimental Biology and Medicine - Internet (SWETS),45026109,2014-01-01,2014-12-31
11392,https://www.kbplus.ac.uk/kbplus/subscriptionDetails/index/11392,Journal of Nuclear Medicine - Internet (SWETS),45026117,2014-01-01,2014-12-31
11393,https://www.kbplus.ac.uk/kbplus/subscriptionDetails/index/11393,Molecular Biology of the Cell - Tier 3 - Internet (SWETS),45029175,2014-01-01,2014-12-31
11394,https://www.kbplus.ac.uk/kbplus/subscriptionDetails/index/11394,Duke Mathematical Journal - Volumes 1-100 - Annual Subscription - Internet (SWETS),45029192,2014-01-01,2014-12-31
11395,https://www.kbplus.ac.uk/kbplus/subscriptionDetails/index/11395,Annals of Mathematics - Second Series - Internet (SWETS),45029222,2014-01-01,2014-12-31
11396,https://www.kbplus.ac.uk/kbplus/subscriptionDetails/index/11396,Applied Optics - Internet (SWETS),45029256,2014-01-01,2014-12-31
11397,https://www.kbplus.ac.uk/kbplus/subscriptionDetails/index/11397,Optics Letters - Internet (SWETS),45029281,2014-01-01,2014-12-31
11398,https://www.kbplus.ac.uk/kbplus/subscriptionDetails/index/11398,Journal of Cell Biology - Tier 4 - Internet (SWETS),45029299,2014-01-01,2014-12-31
11399,https://www.kbplus.ac.uk/kbplus/subscriptionDetails/index/11399,Journal of General Physiology - Tier 4 - Internet (SWETS),45029311,2014-01-01,2014-12-31
11400,https://www.kbplus.ac.uk/kbplus/subscriptionDetails/index/11400,Historical Studies in the Natural Sciences - Internet (SWETS),45029540,2014-01-01,2014-12-31
11401,https://www.kbplus.ac.uk/kbplus/subscriptionDetails/index/11401,American Naturalist - Large Higher Education - Internet (SWETS),45029591,2014-01-01,2014-12-31
11402,https://www.kbplus.ac.uk/kbplus/subscriptionDetails/index/11402,Journal of Geology - Large Higher Education - Internet (SWETS),45029621,2014-01-01,2014-12-31
11403,https://www.kbplus.ac.uk/kbplus/subscriptionDetails/index/11403,International Journal of Men's Health - 1-5000 FTE - Internet (SWETS),45394213,2014-01-01,2014-12-31
11404,https://www.kbplus.ac.uk/kbplus/subscriptionDetails/index/11404,Journal of the Optic Socie of America-A-Optics Image Scien and Vision - Internet (SWETS),45414834,2014-01-01,2014-12-31
11405,https://www.kbplus.ac.uk/kbplus/subscriptionDetails/index/11405,Journal of the Optical Society of America - B - Optical Physics - Internet (SWETS),45414851,2014-01-01,2014-12-31
11406,https://www.kbplus.ac.uk/kbplus/subscriptionDetails/index/11406,Duke Mathematical Journal - Internet (SWETS),45418163,2014-01-01,2014-12-31
11407,https://www.kbplus.ac.uk/kbplus/subscriptionDetails/index/11407,Bibliographie der Deutschen Sprach und Literaturwissenschaft - Internet (SWETS),45547648,2014-01-01,2014-12-31
11408,https://www.kbplus.ac.uk/kbplus/subscriptionDetails/index/11408,Journal of Cognitive Neuroscience - Internet (SWETS),45605932,2014-01-01,2014-12-31
11409,https://www.kbplus.ac.uk/kbplus/subscriptionDetails/index/11409,IDS Bulletin - Internet (SWETS),45664122,2014-01-01,2014-12-31
11410,https://www.kbplus.ac.uk/kbplus/subscriptionDetails/index/11410,Learning and Teaching - International Jrnl of Higher Education in Social Sciences - Intern (SWETS),45732666,2014-01-01,2014-12-31
11411,https://www.kbplus.ac.uk/kbplus/subscriptionDetails/index/11411,International Journal of Sustainable Development - 2-3 Simultaneous Users - Internet (SWETS),45803164,2014-01-01,2014-12-31
11412,https://www.kbplus.ac.uk/kbplus/subscriptionDetails/index/11412,Weather Climate and Society - Internet & Earth Interactions - Internet (SWETS),45803181,2014-01-01,2014-12-31
11413,https://www.kbplus.ac.uk/kbplus/subscriptionDetails/index/11413,Images - Journal of Jewish Art and Visual Culture - Internet (SWETS),45803199,2014-01-01,2014-12-31
11414,https://www.kbplus.ac.uk/kbplus/subscriptionDetails/index/11414,Chinese Sociological Review - Internet (SWETS),45804811,2014-01-01,2014-12-31
11415,https://www.kbplus.ac.uk/kbplus/subscriptionDetails/index/11415,Children Youth and Environments - Internet (SWETS),46209860,2014-01-01,2014-12-31
11416,https://www.kbplus.ac.uk/kbplus/subscriptionDetails/index/11416,Journal of Adolescent and Adult Literacy - Basic Access License - Internet (SWETS),46543034,2014-01-01,2014-12-31
11417,https://www.kbplus.ac.uk/kbplus/subscriptionDetails/index/11417,Assessment and Evaluation in Higher Education - Internet (SWETS),46628498,2014-01-01,2014-12-31
11418,https://www.kbplus.ac.uk/kbplus/subscriptionDetails/index/11418,Journal of Higher Education - Columbus - Internet (SWETS),46628684,2014-01-01,2014-12-31
11419,https://www.kbplus.ac.uk/kbplus/subscriptionDetails/index/11419,Teaching in Higher Education - Internet (SWETS),46628714,2014-01-01,2014-12-31
11420,https://www.kbplus.ac.uk/kbplus/subscriptionDetails/index/11420,Trends in Classics - Internet (SWETS),46710747,2014-01-01,2014-12-31
11421,https://www.kbplus.ac.uk/kbplus/subscriptionDetails/index/11421,Canadian Journal of Earth Sciences - Site License - Internet (SWETS),46918462,2014-01-01,2014-12-31
11422,https://www.kbplus.ac.uk/kbplus/subscriptionDetails/index/11422,Canadian Journal of Physiology and Pharmacology - Site License - Internet (SWETS),46918470,2014-01-01,2014-12-31
11423,https://www.kbplus.ac.uk/kbplus/subscriptionDetails/index/11423,Frontiers in Ecology and the Environment - Single Site - Large - 3000+ FTE's - Internet (SWETS),46918500,2014-01-01,2014-12-31
11424,https://www.kbplus.ac.uk/kbplus/subscriptionDetails/index/11424,Art in Translation - Internet (SWETS),48206256,2014-01-01,2014-12-31
11425,https://www.kbplus.ac.uk/kbplus/subscriptionDetails/index/11425,CALICO Journal - Internet (SWETS),48215612,2014-01-01,2014-12-31
11426,https://www.kbplus.ac.uk/kbplus/subscriptionDetails/index/11426,African American Review - Internet (SWETS),48223487,2014-01-01,2014-12-31
11427,https://www.kbplus.ac.uk/kbplus/subscriptionDetails/index/11427,American Indian Quarterly - MUSE - Internet (SWETS),48223525,2014-01-01,2014-12-31
11428,https://www.kbplus.ac.uk/kbplus/subscriptionDetails/index/11428,American Jewish History - Internet (SWETS),48223533,2014-01-01,2014-12-31
11429,https://www.kbplus.ac.uk/kbplus/subscriptionDetails/index/11429,Journal of Asian American Studies - Internet (SWETS),48223542,2014-01-01,2014-12-31
11430,https://www.kbplus.ac.uk/kbplus/subscriptionDetails/index/11430,Southern Cultures - Internet (SWETS),48223568,2014-01-01,2014-12-31
11431,https://www.kbplus.ac.uk/kbplus/subscriptionDetails/index/11431,Bulletin of the History of Medicine - Internet (SWETS),48223584,2014-01-01,2014-12-31
11432,https://www.kbplus.ac.uk/kbplus/subscriptionDetails/index/11432,American Periodicals - Internet (SWETS),48223606,2014-01-01,2014-12-31
11433,https://www.kbplus.ac.uk/kbplus/subscriptionDetails/index/11433,Essays in Medieval Studies - Internet (SWETS),48223614,2014-01-01,2014-12-31
11434,https://www.kbplus.ac.uk/kbplus/subscriptionDetails/index/11434,French Colonial History - JSTOR - Full Run - Internet (SWETS),48223649,2014-01-01,2014-12-31
11435,https://www.kbplus.ac.uk/kbplus/subscriptionDetails/index/11435,Journal of Colonialism and Colonial History - Internet (SWETS),48223657,2014-01-01,2014-12-31
11436,https://www.kbplus.ac.uk/kbplus/subscriptionDetails/index/11436,New Hibernia Review - Internet (SWETS),48223682,2014-01-01,2014-12-31
11437,https://www.kbplus.ac.uk/kbplus/subscriptionDetails/index/11437,Studies in Eighteenth Century Culture - East Lansing - MUSE - Internet (SWETS),48223703,2014-01-01,2014-12-31
11438,https://www.kbplus.ac.uk/kbplus/subscriptionDetails/index/11438,American Journal of Mathematics - Internet (SWETS),48223712,2014-01-01,2014-12-31
11439,https://www.kbplus.ac.uk/kbplus/subscriptionDetails/index/11439,Advertising and Society Review - Internet (SWETS),48267093,2014-01-01,2014-12-31
11440,https://www.kbplus.ac.uk/kbplus/subscriptionDetails/index/11440,Journal of Immunology - Single Site - Large - Internet (SWETS),48280014,2014-01-01,2014-12-31
11441,https://www.kbplus.ac.uk/kbplus/subscriptionDetails/index/11441,American Journal of Psychiatry - Tier 4 - Internet (SWETS),48280031,2014-01-01,2014-12-31
11442,https://www.kbplus.ac.uk/kbplus/subscriptionDetails/index/11442,American Journal of Clinical Nutrition - Multisite License - Internet (SWETS),48280073,2014-01-01,2014-12-31
11443,https://www.kbplus.ac.uk/kbplus/subscriptionDetails/index/11443,Blood - Tier 4.6 - Multiple Site - Internet (SWETS),48280082,2014-01-01,2014-12-31
11444,https://www.kbplus.ac.uk/kbplus/subscriptionDetails/index/11444,Journal of Parasitology - American Society of Parasitologists - Internet (SWETS),48280090,2014-01-01,2014-12-31
11445,https://www.kbplus.ac.uk/kbplus/subscriptionDetails/index/11445,Investigative Ophthalmology and Visual Science - Internet (SWETS),48280103,2014-01-01,2014-12-31
11446,https://www.kbplus.ac.uk/kbplus/subscriptionDetails/index/11446,Ecological Applications - Single Site - Large - 3000+ FTE's - Internet (SWETS),48280120,2014-01-01,2014-12-31
11447,https://www.kbplus.ac.uk/kbplus/subscriptionDetails/index/11447,Ecological Monographs - Single Site - Large - 3000+ FTE's - Internet (SWETS),48280138,2014-01-01,2014-12-31
11448,https://www.kbplus.ac.uk/kbplus/subscriptionDetails/index/11448,Journal of Economic Entomology - Internet (SWETS),48280146,2014-01-01,2014-12-31
11449,https://www.kbplus.ac.uk/kbplus/subscriptionDetails/index/11449,Genetics - Tier 3 - Single Site - Internet (SWETS),48280154,2014-01-01,2014-12-31
11450,https://www.kbplus.ac.uk/kbplus/subscriptionDetails/index/11450,Climate Research - Single Site - Internet (SWETS),48280235,2014-01-01,2014-12-31
11451,https://www.kbplus.ac.uk/kbplus/subscriptionDetails/index/11451,Radiology - Radiological Society of North America - TIER 3 - Internet (SWETS),48280324,2014-01-01,2014-12-31
11452,https://www.kbplus.ac.uk/kbplus/subscriptionDetails/index/11452,Optical Engineering - Internet (SWETS),48280359,2014-01-01,2014-12-31
11453,https://www.kbplus.ac.uk/kbplus/subscriptionDetails/index/11453,International Journal of Developmental Biology - Internet (SWETS),48280367,2014-01-01,2014-12-31
11454,https://www.kbplus.ac.uk/kbplus/subscriptionDetails/index/11454,Journal fur die Reine und Angewandte Mathematik - Internet (SWETS),48280383,2014-01-01,2014-12-31
11455,https://www.kbplus.ac.uk/kbplus/subscriptionDetails/index/11455,Journal of Biological Chemistry - TIER 4 - Internet (SWETS),48280448,2014-01-01,2014-12-31
11456,https://www.kbplus.ac.uk/kbplus/subscriptionDetails/index/11456,Journal of Lipid Research - Internet (SWETS),48280456,2014-01-01,2014-12-31
11457,https://www.kbplus.ac.uk/kbplus/subscriptionDetails/index/11457,Plant Cell & Plant Physiology & Teaching Tools - Multi Site License - Internet (SWETS),48280464,2014-01-01,2014-12-31
11458,https://www.kbplus.ac.uk/kbplus/subscriptionDetails/index/11458,Journal of Pharmacology and Experimental Therapeutics - Multi Site License - Internet (SWETS),48280481,2014-01-01,2014-12-31
11459,https://www.kbplus.ac.uk/kbplus/subscriptionDetails/index/11459,Molecular Pharmacology - Multi Site License - Internet (SWETS),48280499,2014-01-01,2014-12-31
11460,https://www.kbplus.ac.uk/kbplus/subscriptionDetails/index/11460,Pharmacological Reviews - Multi Site License - Internet (SWETS),48280511,2014-01-01,2014-12-31
11461,https://www.kbplus.ac.uk/kbplus/subscriptionDetails/index/11461,FASEB Journal - Negotiable - Internet (SWETS),48280529,2014-01-01,2014-12-31
11462,https://www.kbplus.ac.uk/kbplus/subscriptionDetails/index/11462,Endocrine Reviews - TIER 4 - Internet (SWETS),48280545,2014-01-01,2014-12-31
11463,https://www.kbplus.ac.uk/kbplus/subscriptionDetails/index/11463,Endocrinology & Molecular Endocrinology - Tier 4 - Internet (SWETS),48280553,2014-01-01,2014-12-31
11464,https://www.kbplus.ac.uk/kbplus/subscriptionDetails/index/11464,Biochemical Journal - Internet (SWETS),48293094,2014-01-01,2014-12-31
11465,https://www.kbplus.ac.uk/kbplus/subscriptionDetails/index/11465,Clinical Science - Internet (SWETS),48293124,2014-01-01,2014-12-31
11466,https://www.kbplus.ac.uk/kbplus/subscriptionDetails/index/11466,European Journal of Endocrinology - Internet (SWETS),48296573,2014-01-01,2014-12-31
11467,https://www.kbplus.ac.uk/kbplus/subscriptionDetails/index/11467,British Journal of Radiology - Internet - Single Site (SWETS),48296590,2014-01-01,2014-12-31
11468,https://www.kbplus.ac.uk/kbplus/subscriptionDetails/index/11468,Journal of Cardiovascular Surgery - 401-800 FTE's - Internet (SWETS),48296612,2014-01-01,2014-12-31
11469,https://www.kbplus.ac.uk/kbplus/subscriptionDetails/index/11469,Annals of the Royal College of Surgeons of England - Internet (SWETS),48296620,2014-01-01,2014-12-31
11470,https://www.kbplus.ac.uk/kbplus/subscriptionDetails/index/11470,Journal of Endocrinology - Internet (SWETS),48296638,2014-01-01,2014-12-31
11471,https://www.kbplus.ac.uk/kbplus/subscriptionDetails/index/11471,Journal of Clinical Endocrinology and Metabolism - TIER 4 - Internet (SWETS),48296646,2014-01-01,2014-12-31
11472,https://www.kbplus.ac.uk/kbplus/subscriptionDetails/index/11472,Infection Control and Hospital Epidemiology - Tier Unknown - Internet (SWETS),48296654,2014-01-01,2014-12-31
11473,https://www.kbplus.ac.uk/kbplus/subscriptionDetails/index/11473,American Orthoptic Journal - Internet (SWETS),48296671,2014-01-01,2014-12-31
11474,https://www.kbplus.ac.uk/kbplus/subscriptionDetails/index/11474,Global Responsibility to Protect - Internet (SWETS),48305947,2014-01-01,2014-12-31
11475,https://www.kbplus.ac.uk/kbplus/subscriptionDetails/index/11475,Environmental Values - Internet (SWETS),48587748,2014-01-01,2014-12-31
11476,https://www.kbplus.ac.uk/kbplus/subscriptionDetails/index/11476,Nature and Culture - Internet (SWETS),48587756,2014-01-01,2014-12-31
11477,https://www.kbplus.ac.uk/kbplus/subscriptionDetails/index/11477,Philosophy of Science - Large Higher Education - Internet (SWETS),48590595,2014-01-01,2014-12-31
11478,https://www.kbplus.ac.uk/kbplus/subscriptionDetails/index/11478,Contemporary Sociology - Internet (SWETS),48597905,2014-01-01,2014-12-31
11479,https://www.kbplus.ac.uk/kbplus/subscriptionDetails/index/11479,African Security - Internet (SWETS),48599550,2014-01-01,2014-12-31
11480,https://www.kbplus.ac.uk/kbplus/subscriptionDetails/index/11480,Journal of Social Work in End of Life and Palliative Care - Internet (SWETS),48642200,2014-01-01,2014-12-31
11481,https://www.kbplus.ac.uk/kbplus/subscriptionDetails/index/11481,Journal of the Atmospheric Sciences - Internet & Earth Interactions - Internet (SWETS),48692126,2014-01-01,2014-12-31
11482,https://www.kbplus.ac.uk/kbplus/subscriptionDetails/index/11482,Journal of Climate - Internet (SWETS),48692134,2014-01-01,2014-12-31
11483,https://www.kbplus.ac.uk/kbplus/subscriptionDetails/index/11483,Journal of Physical Oceanography - Internet & Earth Interactions - Internet (SWETS),48692151,2014-01-01,2014-12-31
11484,https://www.kbplus.ac.uk/kbplus/subscriptionDetails/index/11484,Linguistic Typology - Internet (SWETS),48720073,2014-01-01,2014-12-31
11485,https://www.kbplus.ac.uk/kbplus/subscriptionDetails/index/11485,Diabetes - American Diabetes Association - Site License - Internet (SWETS),48751182,2014-01-07,2015-06-30
11486,https://www.kbplus.ac.uk/kbplus/subscriptionDetails/index/11486,Journal of Symbolic Logic & Bulletin of Symbolic Logic - Internet (SWETS),48795197,2014-01-01,2014-12-31
11487,https://www.kbplus.ac.uk/kbplus/subscriptionDetails/index/11487,Senses and Society - Internet (SWETS),48814434,2014-01-01,2014-12-31
11488,https://www.kbplus.ac.uk/kbplus/subscriptionDetails/index/11488,Endocrine Society Legacy Archive 1917-1996 - Tier 4 - Annual Maintenance Fee - Internet (SWETS),48891871,2014-01-01,2014-12-31
11489,https://www.kbplus.ac.uk/kbplus/subscriptionDetails/index/11489,International Journal of Plant Sciences - Botanical Gazette - Large Higher Education-Inter (SWETS),48891897,2014-01-01,2014-12-31
11490,https://www.kbplus.ac.uk/kbplus/subscriptionDetails/index/11490,Journal of Experimental Medicine - Tier 4 - Internet (SWETS),49157721,2014-01-01,2014-12-31
11491,https://www.kbplus.ac.uk/kbplus/subscriptionDetails/index/11491,Genome Research - Tier 4 - Internet (SWETS),49353937,2014-01-01,2014-12-31
11492,https://www.kbplus.ac.uk/kbplus/subscriptionDetails/index/11492,Perspectives on Science - Historical Philosophical and Social - Internet (SWETS),50358297,2014-01-01,2014-12-31
11493,https://www.kbplus.ac.uk/kbplus/subscriptionDetails/index/11493,Vivarium - Leiden - Internet (SWETS),50433086,2014-01-01,2014-12-31
11494,https://www.kbplus.ac.uk/kbplus/subscriptionDetails/index/11494,British Journal of Psychiatry - Internet (SWETS),50528389,2014-01-01,2014-12-31
11495,https://www.kbplus.ac.uk/kbplus/subscriptionDetails/index/11495,Journal of Health Services Research and Policy - Internet (SWETS),50528427,2014-01-01,2014-12-31
11496,https://www.kbplus.ac.uk/kbplus/subscriptionDetails/index/11496,Journal of Medical Screening - Internet (SWETS),50528435,2014-01-01,2014-12-31
11497,https://www.kbplus.ac.uk/kbplus/subscriptionDetails/index/11497,Journal of the Royal Society of Medicine - Internet (SWETS),50528443,2014-01-01,2014-12-31
11498,https://www.kbplus.ac.uk/kbplus/subscriptionDetails/index/11498,Canadian Modern Language Review - Internet (SWETS),50669420,2014-01-01,2014-12-31
11499,https://www.kbplus.ac.uk/kbplus/subscriptionDetails/index/11499,Camera Obscura - a Journal of Feminism and Film Theory - Internet (SWETS),50708191,2014-01-01,2014-12-31
11500,https://www.kbplus.ac.uk/kbplus/subscriptionDetails/index/11500,Radical History Review - Internet (SWETS),50794518,2014-01-01,2014-12-31
11501,https://www.kbplus.ac.uk/kbplus/subscriptionDetails/index/11501,Canadian Journal of Forest Research - Site License - Internet (SWETS),50796112,2014-01-01,2014-12-31
11502,https://www.kbplus.ac.uk/kbplus/subscriptionDetails/index/11502,Botany - Site License - Internet (SWETS),50796120,2014-01-01,2014-12-31
11503,https://www.kbplus.ac.uk/kbplus/subscriptionDetails/index/11503,Centralblatt fur das Gesamte Forstwesen - Internet (SWETS),50799366,2012-01-01,2012-12-31
11504,https://www.kbplus.ac.uk/kbplus/subscriptionDetails/index/11504,Voprosy Iazykovogo Rodstva - Internet (SWETS),51023663,2014-01-01,2014-12-31
11505,https://www.kbplus.ac.uk/kbplus/subscriptionDetails/index/11505,Dix-Neuf - Journal of the Society of Dix-Neuviemistes - Internet (SWETS),51041734,2014-01-01,2014-12-31
11506,https://www.kbplus.ac.uk/kbplus/subscriptionDetails/index/11506,Environment and Planning A & B & C & D - Internet (SWETS),51052574,2014-01-01,2014-12-31
11507,https://www.kbplus.ac.uk/kbplus/subscriptionDetails/index/11507,Anthropology in Action - Internet (SWETS),51081787,2014-01-01,2014-12-31
11508,https://www.kbplus.ac.uk/kbplus/subscriptionDetails/index/11508,Journal of Romance Studies - Internet (SWETS),51081809,2014-01-01,2014-12-31
11509,https://www.kbplus.ac.uk/kbplus/subscriptionDetails/index/11509,Quarterly of Applied Mathematics - Internet (SWETS),51137872,2014-01-01,2014-12-31
11510,https://www.kbplus.ac.uk/kbplus/subscriptionDetails/index/11510,Journal of the European Economic Association - Internet (SWETS),51147273,2014-01-01,2014-12-31
11511,https://www.kbplus.ac.uk/kbplus/subscriptionDetails/index/11511,American Journal of Botany - Internet (SWETS),51175307,2014-01-01,2014-12-31
11512,https://www.kbplus.ac.uk/kbplus/subscriptionDetails/index/11512,Chest - Tier 5 - Internet (SWETS),51189294,2014-01-01,2014-12-31
11513,https://www.kbplus.ac.uk/kbplus/subscriptionDetails/index/11513,Annals of Applied Statistics - Internet (SWETS),51189936,2014-01-01,2014-12-31
11514,https://www.kbplus.ac.uk/kbplus/subscriptionDetails/index/11514,Annals of Applied Probability - Internet (SWETS),51189944,2014-01-01,2014-12-31
11515,https://www.kbplus.ac.uk/kbplus/subscriptionDetails/index/11515,Environment and Society - Internet (SWETS),51193470,2014-01-01,2014-12-31
11516,https://www.kbplus.ac.uk/kbplus/subscriptionDetails/index/11516,Astronomy and Astrophysics - Les Ulis - Internet (SWETS),51249050,2014-01-01,2014-12-31
11517,https://www.kbplus.ac.uk/kbplus/subscriptionDetails/index/11517,Deutsche Zeitschrift fur Philosophie - Internet (SWETS),51508985,2014-01-01,2014-12-31
11518,https://www.kbplus.ac.uk/kbplus/subscriptionDetails/index/11518,German Quarterly Package - Online Only - Internet (SWETS),51508993,2014-01-01,2014-12-31
11519,https://www.kbplus.ac.uk/kbplus/subscriptionDetails/index/11519,History of Religions - Large Higher Education - Internet (SWETS),51509001,2014-01-01,2014-12-31
11520,https://www.kbplus.ac.uk/kbplus/subscriptionDetails/index/11520,Jahrbuch der Osterreichischen Byzantinistik - Internet (SWETS),51509027,2014-01-01,2014-12-31
11521,https://www.kbplus.ac.uk/kbplus/subscriptionDetails/index/11521,Research in African Literatures - Internet (SWETS),51509043,2014-01-01,2014-12-31
11522,https://www.kbplus.ac.uk/kbplus/subscriptionDetails/index/11522,Signs - Journal of Women in Culture and Society - Large Higher Education - Internet (SWETS),51509052,2014-01-04,2015-03-31
11523,https://www.kbplus.ac.uk/kbplus/subscriptionDetails/index/11523,STUF - Language Typology and Universals - Internet (SWETS),51509060,2014-01-01,2014-12-31
11524,https://www.kbplus.ac.uk/kbplus/subscriptionDetails/index/11524,Australian and New Zealand Journal of Criminology - Internet (SWETS),51584720,2014-01-01,2014-12-31
11525,https://www.kbplus.ac.uk/kbplus/subscriptionDetails/index/11525,Philosophy Psychiatry and Psychology - Internet (SWETS),51855073,2014-01-01,2014-12-31
11526,https://www.kbplus.ac.uk/kbplus/subscriptionDetails/index/11526,Annals of Statistics - Internet (SWETS),52341278,2014-01-01,2014-12-31
11527,https://www.kbplus.ac.uk/kbplus/subscriptionDetails/index/11527,Journal of GLBT Family Studies - Internet (SWETS),52469495,2014-01-01,2014-12-31
11528,https://www.kbplus.ac.uk/kbplus/subscriptionDetails/index/11528,GLQ - a Journal of Lesbian and Gay Studies - Internet (SWETS),52606743,2014-01-01,2014-12-31
11529,https://www.kbplus.ac.uk/kbplus/subscriptionDetails/index/11529,Midland History - Internet (SWETS),52608924,2014-01-01,2014-12-31
11530,https://www.kbplus.ac.uk/kbplus/subscriptionDetails/index/11530,Families Relationships and Societies - Internet (SWETS),52765396,2014-01-01,2014-12-31
11531,https://www.kbplus.ac.uk/kbplus/subscriptionDetails/index/11531,ASP Conference Series - Astronomical Society of the Pacific - Tier 4 - Internet (SWETS),52796895,2014-01-01,2014-12-31
11532,https://www.kbplus.ac.uk/kbplus/subscriptionDetails/index/11532,Genes and Development - Tier 4 - Internet (SWETS),52854917,2014-01-01,2014-12-31
11533,https://www.kbplus.ac.uk/kbplus/subscriptionDetails/index/11533,Journ of Bone and Joint Surg-A &Case Connect & Essent Surgical Techn-Site Lic-TIER 3-Inter (SWETS),53186713,2014-01-01,2014-12-31
11534,https://www.kbplus.ac.uk/kbplus/subscriptionDetails/index/11534,Journal of the American Society of Nephrology - Internet (SWETS),53298741,2014-01-01,2014-12-31
11535,https://www.kbplus.ac.uk/kbplus/subscriptionDetails/index/11535,Molecular and Cellular Proteomics - Internet (SWETS),53298775,2014-01-01,2014-12-31
11536,https://www.kbplus.ac.uk/kbplus/subscriptionDetails/index/11536,Cell Cycle - Internet (SWETS),53298805,2014-01-01,2014-12-31
11537,https://www.kbplus.ac.uk/kbplus/subscriptionDetails/index/11537,Current Gene Therapy - Internet (SWETS),53298813,2014-01-01,2014-12-31
11538,https://www.kbplus.ac.uk/kbplus/subscriptionDetails/index/11538,Reproduction - Internet (SWETS),53298822,2014-01-01,2014-12-31
11539,https://www.kbplus.ac.uk/kbplus/subscriptionDetails/index/11539,CSH Protocols - Tier 4 - Internet (SWETS),53298848,2014-01-01,2014-12-31
11540,https://www.kbplus.ac.uk/kbplus/subscriptionDetails/index/11540,CSH Perspectives in Biology - Tier 4 - Internet (SWETS),53298856,2014-01-01,2014-12-31
11541,https://www.kbplus.ac.uk/kbplus/subscriptionDetails/index/11541,Journal of Clinical Psychiatry - Tier 4 - Internet (SWETS),53298881,2014-01-01,2014-12-31
11542,https://www.kbplus.ac.uk/kbplus/subscriptionDetails/index/11542,Journal of Histochemistry and Cytochemistry - Internet (SWETS),53298911,2014-01-01,2014-12-31
11543,https://www.kbplus.ac.uk/kbplus/subscriptionDetails/index/11543,Journal of Motor Behavior - Internet (SWETS),53298937,2014-01-01,2014-12-31
11544,https://www.kbplus.ac.uk/kbplus/subscriptionDetails/index/11544,Journal of the Philosophy of Sport - Internet (SWETS),53298945,2014-01-01,2014-12-31
11545,https://www.kbplus.ac.uk/kbplus/subscriptionDetails/index/11545,Biological Chemistry - Internet (SWETS),53298953,2014-01-01,2014-12-31
11546,https://www.kbplus.ac.uk/kbplus/subscriptionDetails/index/11546,Social Cognition - Internet (SWETS),53298962,2014-01-01,2014-12-31
11547,https://www.kbplus.ac.uk/kbplus/subscriptionDetails/index/11547,Mammalia - Internet (SWETS),53298988,2014-01-01,2014-12-31
11548,https://www.kbplus.ac.uk/kbplus/subscriptionDetails/index/11548,Technometrics - Tier 2 - 10000-19999 FTE - Internet (SWETS),53298996,2014-01-01,2014-12-31
11549,https://www.kbplus.ac.uk/kbplus/subscriptionDetails/index/11549,Journal of Neurosurgery & JNS Spine & JNS Pediatrics - Single Site 2000-4999 FTE - Intern (SWETS),53300877,2014-01-01,2014-12-31
11550,https://www.kbplus.ac.uk/kbplus/subscriptionDetails/index/11550,Voluntary Sector Review - Internet (SWETS),53313715,2014-01-01,2014-12-31
11551,https://www.kbplus.ac.uk/kbplus/subscriptionDetails/index/11551,Telos - New York - Internet (SWETS),53429128,2014-01-01,2014-12-31
11552,https://www.kbplus.ac.uk/kbplus/subscriptionDetails/index/11552,Symbolic Interaction - Journal of the Society for Study of Symb Interac - Basic Acc-Intern (SWETS),53525909,2014-01-01,2014-12-31
11553,https://www.kbplus.ac.uk/kbplus/subscriptionDetails/index/11553,Canadian Journal of African Studies - Revue Canadienne des Etudes Africaines - Internet (SWETS),53525917,2014-01-01,2014-12-31
11554,https://www.kbplus.ac.uk/kbplus/subscriptionDetails/index/11554,Discussion Papers of the CEPR - All Papers - Internet (SWETS),53525925,2014-01-01,2014-12-31
11555,https://www.kbplus.ac.uk/kbplus/subscriptionDetails/index/11555,Journal of Economic Policy Reform - Internet (SWETS),53525942,2014-01-01,2014-12-31
11556,https://www.kbplus.ac.uk/kbplus/subscriptionDetails/index/11556,Quarterly Journal of Economics - Internet (SWETS),53525950,2014-01-01,2014-12-31
11557,https://www.kbplus.ac.uk/kbplus/subscriptionDetails/index/11557,Health and Social Work - Internet (SWETS),53526425,2014-01-01,2014-12-31
11558,https://www.kbplus.ac.uk/kbplus/subscriptionDetails/index/11558,Social Work Research - Internet (SWETS),53526442,2014-01-01,2014-12-31
11559,https://www.kbplus.ac.uk/kbplus/subscriptionDetails/index/11559,Rural Sociology - Internet (SWETS),53526450,2014-01-01,2014-12-31
11560,https://www.kbplus.ac.uk/kbplus/subscriptionDetails/index/11560,Social Forces - Internet (SWETS),53526468,2014-01-01,2014-12-31
11561,https://www.kbplus.ac.uk/kbplus/subscriptionDetails/index/11561,Contributions to the History of Concepts - Internet (SWETS),53530775,2014-01-01,2014-12-31
11562,https://www.kbplus.ac.uk/kbplus/subscriptionDetails/index/11562,International Review of Victimology - Internet (SWETS),53530881,2014-01-01,2014-12-31
11563,https://www.kbplus.ac.uk/kbplus/subscriptionDetails/index/11563,NBER Working Paper Series - Full Subscription - Academic Rate - Internet (SWETS),53533057,2014-01-06,2015-05-31
11564,https://www.kbplus.ac.uk/kbplus/subscriptionDetails/index/11564,Tel Aviv - Journal of the Tel Aviv University Institute of Archaeology - Internet (SWETS),53745933,2014-01-01,2014-12-31
11565,https://www.kbplus.ac.uk/kbplus/subscriptionDetails/index/11565,Blake - an Illustrated Quarterly - Internet (SWETS),53815630,2014-01-07,2015-06-30
11566,https://www.kbplus.ac.uk/kbplus/subscriptionDetails/index/11566,Museum History Journal - Internet (SWETS),53815932,2014-01-01,2014-12-31
11567,https://www.kbplus.ac.uk/kbplus/subscriptionDetails/index/11567,Millennium Jahrbuch - Internet (SWETS),53815958,2014-01-01,2014-12-31
11568,https://www.kbplus.ac.uk/kbplus/subscriptionDetails/index/11568,Religion and Society - Berghahn - Internet (SWETS),53819449,2014-01-01,2014-12-31
11569,https://www.kbplus.ac.uk/kbplus/subscriptionDetails/index/11569,Journal for Research in Mathematics Education - Higher Education Large - Internet (SWETS),53819465,2014-01-01,2014-12-31
11570,https://www.kbplus.ac.uk/kbplus/subscriptionDetails/index/11570,Chinese Historical Review - Internet (SWETS),53819473,2014-01-01,2014-12-31
11571,https://www.kbplus.ac.uk/kbplus/subscriptionDetails/index/11571,Social Analysis - Internet (SWETS),53819490,2014-01-01,2014-12-31
11572,https://www.kbplus.ac.uk/kbplus/subscriptionDetails/index/11572,Zeitschrift fur Philosophische Forschung - Internet (SWETS),53819503,2014-01-01,2014-12-31
11573,https://www.kbplus.ac.uk/kbplus/subscriptionDetails/index/11573,Sacris Erudiri - Internet (SWETS),53827743,2014-01-01,2014-12-31
11574,https://www.kbplus.ac.uk/kbplus/subscriptionDetails/index/11574,American Journal of Archaeology - Internet (SWETS),53892294,2014-01-01,2014-12-31
11575,https://www.kbplus.ac.uk/kbplus/subscriptionDetails/index/11575,Expert Review of Vaccines - Internet (SWETS),53926784,2014-01-01,2014-12-31
11576,https://www.kbplus.ac.uk/kbplus/subscriptionDetails/index/11576,International Yearbook of Futurism Studies - Internet (SWETS),54171345,2014-01-01,2014-12-31
11577,https://www.kbplus.ac.uk/kbplus/subscriptionDetails/index/11577,London Journal - Internet (SWETS),54222446,2014-01-01,2014-12-31
11578,https://www.kbplus.ac.uk/kbplus/subscriptionDetails/index/11578,Humanity - Internet (SWETS),54259561,2014-11-01,2015-01-10
11579,https://www.kbplus.ac.uk/kbplus/subscriptionDetails/index/11579,Annals of Internal Medicine - Tier F - Site License - Internet (SWETS),54401201,2014-01-01,2014-12-31
11580,https://www.kbplus.ac.uk/kbplus/subscriptionDetails/index/11580,Lyell Collection - Complete Package - Internet (SWETS),54428282,2014-01-01,2014-12-31
11581,https://www.kbplus.ac.uk/kbplus/subscriptionDetails/index/11581,Exceptional Children - Internet (SWETS),54441059,2014-01-03,2015-02-28
11582,https://www.kbplus.ac.uk/kbplus/subscriptionDetails/index/11582,Carl Beck Papers in Russian and East European Studies - Internet (SWETS),54444244,2014-01-02,2015-01-31
11583,https://www.kbplus.ac.uk/kbplus/subscriptionDetails/index/11583,International Yearbook for Tillich Research - Internet (SWETS),54445089,2014-01-01,2014-12-31
11584,https://www.kbplus.ac.uk/kbplus/subscriptionDetails/index/11584,Dutch Crossing - Internet (SWETS),54473457,2014-01-01,2014-12-31
11585,https://www.kbplus.ac.uk/kbplus/subscriptionDetails/index/11585,Philosophia Naturalis - Internet (SWETS),54542751,2014-01-01,2014-12-31
11586,https://www.kbplus.ac.uk/kbplus/subscriptionDetails/index/11586,European Journal for Philosophy of Religion - Internet (SWETS),54592367,2014-01-01,2014-12-31
11587,https://www.kbplus.ac.uk/kbplus/subscriptionDetails/index/11587,Journal of the Oxford Centre for Buddhist Studies - Internet (SWETS),54602257,2014-01-01,2014-12-31
11588,https://www.kbplus.ac.uk/kbplus/subscriptionDetails/index/11588,SATS - Northern European Journal of Philosophy - Internet (SWETS),54625460,2014-01-01,2014-12-31
11589,https://www.kbplus.ac.uk/kbplus/subscriptionDetails/index/11589,Zeitschrift fur Religionswissenschaft - Internet (SWETS),54625974,2014-01-01,2014-12-31
11590,https://www.kbplus.ac.uk/kbplus/subscriptionDetails/index/11590,Monthly Weather Review - Boston - Internet & Earth Interactions - Internet (SWETS),54631312,2014-01-01,2014-12-31
11591,https://www.kbplus.ac.uk/kbplus/subscriptionDetails/index/11591,Romance Studies - Internet (SWETS),54673278,2014-01-01,2014-12-31
11592,https://www.kbplus.ac.uk/kbplus/subscriptionDetails/index/11592,Crossings - Journal of Migration and Culture - Internet (SWETS),54723453,2014-01-01,2014-12-31
11593,https://www.kbplus.ac.uk/kbplus/subscriptionDetails/index/11593,Longitudinal and Life Course Studies - Internet (SWETS),54725065,2014-03-28,2015-03-27
11594,https://www.kbplus.ac.uk/kbplus/subscriptionDetails/index/11594,Journal of Forestry  - Internet (SWETS),54999611,2014-01-01,2014-12-31
11595,https://www.kbplus.ac.uk/kbplus/subscriptionDetails/index/11595,Technology and Culture - Internet (SWETS),55121627,2014-01-01,2014-12-31
11596,https://www.kbplus.ac.uk/kbplus/subscriptionDetails/index/11596,Basic Income Studies - Internet (SWETS),55134273,2014-01-01,2014-12-31
11597,https://www.kbplus.ac.uk/kbplus/subscriptionDetails/index/11597,Economists Voice - Internet (SWETS),55134282,2014-01-01,2014-12-31
11598,https://www.kbplus.ac.uk/kbplus/subscriptionDetails/index/11598,Forum - Journal of Applied Research in Contemporary Politics - Internet (SWETS),55134290,2014-01-01,2014-12-31
11599,https://www.kbplus.ac.uk/kbplus/subscriptionDetails/index/11599,World Political Science Review - Internet (SWETS),55134312,2014-01-01,2014-12-31
11600,https://www.kbplus.ac.uk/kbplus/subscriptionDetails/index/11600,Herbmedpro - Internet (SWETS),55151429,2014-01-01,2014-12-31
11601,https://www.kbplus.ac.uk/kbplus/subscriptionDetails/index/11601,Journal of Nutrition - Single Site - Internet (SWETS),55151437,2014-01-01,2014-12-31
11602,https://www.kbplus.ac.uk/kbplus/subscriptionDetails/index/11602,Alzheimer's Research and Therapy - Open Access - Internet (SWETS),55151445,2014-01-01,2014-12-31
11603,https://www.kbplus.ac.uk/kbplus/subscriptionDetails/index/11603,Journal of Alzheimer's Disease - Internet (SWETS),55151453,2014-01-01,2014-12-31
11604,https://www.kbplus.ac.uk/kbplus/subscriptionDetails/index/11604,Journal of Clinical Investigation - Tier 3 - Internet (SWETS),55151462,2014-01-01,2014-12-31
11605,https://www.kbplus.ac.uk/kbplus/subscriptionDetails/index/11605,Autophagy - Internet (SWETS),55151470,2014-01-01,2014-12-31
11606,https://www.kbplus.ac.uk/kbplus/subscriptionDetails/index/11606,Epigenetics - Internet (SWETS),55151488,2014-01-01,2014-12-31
11607,https://www.kbplus.ac.uk/kbplus/subscriptionDetails/index/11607,Mabs - Internet (SWETS),55151496,2014-01-01,2014-12-31
11608,https://www.kbplus.ac.uk/kbplus/subscriptionDetails/index/11608,Journal of Leukocyte Biology - Multi Site License - Internet (SWETS),55151500,2014-01-01,2014-12-31
11609,https://www.kbplus.ac.uk/kbplus/subscriptionDetails/index/11609,Cultural Politics - Internet (SWETS),55151551,2014-01-01,2014-12-31
11610,https://www.kbplus.ac.uk/kbplus/subscriptionDetails/index/11610,Perception - London - Internet (SWETS),55174437,2014-01-01,2014-12-31
11611,https://www.kbplus.ac.uk/kbplus/subscriptionDetails/index/11611,Proceedings of the Institution of Mechanical Engineers - A - Internet (SWETS),55174445,2014-01-01,2014-12-31
11612,https://www.kbplus.ac.uk/kbplus/subscriptionDetails/index/11612,Proceedings of the Institution of Mechanical Engineers - H - Internet (SWETS),55174453,2014-01-01,2014-12-31
11613,https://www.kbplus.ac.uk/kbplus/subscriptionDetails/index/11613,Annual Review of Applied Linguistics - Internet (SWETS),55269862,2014-01-01,2014-12-31
11614,https://www.kbplus.ac.uk/kbplus/subscriptionDetails/index/11614,Assessment in Education - Principles Policy and Practice - Internet (SWETS),55269870,2014-01-01,2014-12-31
11615,https://www.kbplus.ac.uk/kbplus/subscriptionDetails/index/11615,British Educational Research Journal - Internet (SWETS),55269888,2014-01-01,2014-12-31
11616,https://www.kbplus.ac.uk/kbplus/subscriptionDetails/index/11616,British Journal of Sociology of Education - Internet (SWETS),55269896,2014-01-01,2014-12-31
11617,https://www.kbplus.ac.uk/kbplus/subscriptionDetails/index/11617,Cambridge Journal of Education - Internet (SWETS),55269900,2014-01-01,2014-12-31
11618,https://www.kbplus.ac.uk/kbplus/subscriptionDetails/index/11618,Changing English - Studies in Culture and Education - Internet (SWETS),55269926,2014-01-01,2014-12-31
11619,https://www.kbplus.ac.uk/kbplus/subscriptionDetails/index/11619,Compare - a Journal of Comparative Education and International Education - Internet (SWETS),55269951,2014-01-01,2014-12-31
11620,https://www.kbplus.ac.uk/kbplus/subscriptionDetails/index/11620,Curriculum Journal - Internet (SWETS),55269969,2014-01-01,2014-12-31
11621,https://www.kbplus.ac.uk/kbplus/subscriptionDetails/index/11621,Educational Action Research - Internet (SWETS),55269977,2014-01-01,2014-12-31
11622,https://www.kbplus.ac.uk/kbplus/subscriptionDetails/index/11622,Educational Forum - Internet (SWETS),55269993,2014-01-01,2014-12-31
11623,https://www.kbplus.ac.uk/kbplus/subscriptionDetails/index/11623,Educational Policy - Internet (SWETS),55270011,2014-01-01,2014-12-31
11624,https://www.kbplus.ac.uk/kbplus/subscriptionDetails/index/11624,Educational Research - Colchester - Internet (SWETS),55270029,2014-01-01,2014-12-31
11625,https://www.kbplus.ac.uk/kbplus/subscriptionDetails/index/11625,Environmental Education Research - Internet (SWETS),55270037,2014-01-01,2014-12-31
11626,https://www.kbplus.ac.uk/kbplus/subscriptionDetails/index/11626,Gender and Education - Internet (SWETS),55270045,2014-01-01,2014-12-31
11627,https://www.kbplus.ac.uk/kbplus/subscriptionDetails/index/11627,International Journal of Early Years Education - Internet (SWETS),55270062,2014-01-01,2014-12-31
11628,https://www.kbplus.ac.uk/kbplus/subscriptionDetails/index/11628,International Research in Geographical and Environmental Education - Internet (SWETS),55270070,2014-01-01,2014-12-31
11629,https://www.kbplus.ac.uk/kbplus/subscriptionDetails/index/11629,Journal of Curriculum Studies - Internet (SWETS),55270088,2014-01-01,2014-12-31
11630,https://www.kbplus.ac.uk/kbplus/subscriptionDetails/index/11630,Journal of Early Childhood Literacy - Internet (SWETS),55270096,2014-01-01,2014-12-31
11631,https://www.kbplus.ac.uk/kbplus/subscriptionDetails/index/11631,Journal of Education for Teaching - Internet (SWETS),55270118,2014-01-01,2014-12-31
11632,https://www.kbplus.ac.uk/kbplus/subscriptionDetails/index/11632,Journal of Education Policy - Internet (SWETS),55270126,2014-01-01,2014-12-31
11633,https://www.kbplus.ac.uk/kbplus/subscriptionDetails/index/11633,Journal of Teacher Education - Internet (SWETS),55270134,2014-01-01,2014-12-31
11634,https://www.kbplus.ac.uk/kbplus/subscriptionDetails/index/11634,Journal of Vocational Education and Training - Internet (SWETS),55270151,2014-01-01,2014-12-31
11635,https://www.kbplus.ac.uk/kbplus/subscriptionDetails/index/11635,Language Teaching - Internet (SWETS),55270169,2014-01-01,2014-12-31
11636,https://www.kbplus.ac.uk/kbplus/subscriptionDetails/index/11636,Language Teaching Research - Internet (SWETS),55270185,2014-01-01,2014-12-31
11637,https://www.kbplus.ac.uk/kbplus/subscriptionDetails/index/11637,Mind Culture and Activity - Internet (SWETS),55270193,2014-01-01,2014-12-31
11638,https://www.kbplus.ac.uk/kbplus/subscriptionDetails/index/11638,Qualitative Research - Internet (SWETS),55270207,2014-01-01,2014-12-31
11639,https://www.kbplus.ac.uk/kbplus/subscriptionDetails/index/11639,Research Papers in Education - Internet (SWETS),55270223,2014-01-01,2014-12-31
11640,https://www.kbplus.ac.uk/kbplus/subscriptionDetails/index/11640,Teacher Development - Intern Journal of Teachers' Professional Development - Internet (SWETS),55270232,2014-01-01,2014-12-31
11641,https://www.kbplus.ac.uk/kbplus/subscriptionDetails/index/11641,Teachers and Teaching - Theory and Practice - Internet (SWETS),55270258,2014-01-01,2014-12-31
11642,https://www.kbplus.ac.uk/kbplus/subscriptionDetails/index/11642,Technology Pedagogy and Education - Internet (SWETS),55270274,2014-01-01,2014-12-31
11643,https://www.kbplus.ac.uk/kbplus/subscriptionDetails/index/11643,Educational Researcher - Internet (SWETS),55280768,2014-01-01,2014-12-31
11644,https://www.kbplus.ac.uk/kbplus/subscriptionDetails/index/11644,English Education - Internet (SWETS),55280784,2014-01-01,2014-12-31
11645,https://www.kbplus.ac.uk/kbplus/subscriptionDetails/index/11645,International Journal of Training Research - Internet (SWETS),55280806,2014-01-01,2014-12-31
11646,https://www.kbplus.ac.uk/kbplus/subscriptionDetails/index/11646,Journal of Geoscience Education - Internet (SWETS),55280814,2014-01-01,2014-12-31
11647,https://www.kbplus.ac.uk/kbplus/subscriptionDetails/index/11647,Research in the Teaching of English - Internet (SWETS),55280831,2014-01-01,2014-12-31
11648,https://www.kbplus.ac.uk/kbplus/subscriptionDetails/index/11648,World Studies in Education - Internet (SWETS),55280849,2014-01-01,2014-12-31
11649,https://www.kbplus.ac.uk/kbplus/subscriptionDetails/index/11649,Mathematics Teaching - incorporating Micromath - Internet (SWETS),55287746,2014-01-01,2014-12-31
11650,https://www.kbplus.ac.uk/kbplus/subscriptionDetails/index/11650,International Journal for Researcher Development - Internet (SWETS),55287771,2014-01-01,2014-12-31
11651,https://www.kbplus.ac.uk/kbplus/subscriptionDetails/index/11651,Studies in Science Education - Internet (SWETS),55298187,2014-01-01,2014-12-31
11652,https://www.kbplus.ac.uk/kbplus/subscriptionDetails/index/11652,Australian Journal of Environmental Education - Internet (SWETS),55298209,2014-01-01,2014-12-31
11653,https://www.kbplus.ac.uk/kbplus/subscriptionDetails/index/11653,British Journal of Educational Studies - Internet (SWETS),55298217,2014-01-01,2014-12-31
11654,https://www.kbplus.ac.uk/kbplus/subscriptionDetails/index/11654,British Journal of Educational Psychology - Internet (SWETS),55298225,2014-01-01,2014-12-31
11655,https://www.kbplus.ac.uk/kbplus/subscriptionDetails/index/11655,Educational Philosophy and Theory - Internet (SWETS),55298242,2014-01-01,2014-12-31
11656,https://www.kbplus.ac.uk/kbplus/subscriptionDetails/index/11656,Educational Studies - Basingstoke - Internet (SWETS),55298250,2014-01-01,2014-12-31
11657,https://www.kbplus.ac.uk/kbplus/subscriptionDetails/index/11657,Journal of Environmental Education - Internet (SWETS),55298276,2014-01-01,2014-12-31
11658,https://www.kbplus.ac.uk/kbplus/subscriptionDetails/index/11658,Critical Reviews in Immunology - Internet (SWETS),55512596,2014-01-01,2014-12-31
11659,https://www.kbplus.ac.uk/kbplus/subscriptionDetails/index/11659,N Paradoxa - International Feminist Art Journal - Back Access Purchase - Internet (SWETS),55568303,2014-01-01,2014-12-31
11660,https://www.kbplus.ac.uk/kbplus/subscriptionDetails/index/11660,Preternature - MUSE - Internet (SWETS),55568346,2014-01-01,2014-12-31
11661,https://www.kbplus.ac.uk/kbplus/subscriptionDetails/index/11661,Social Science History - Internet (SWETS),55568711,2014-01-01,2014-12-31
11662,https://www.kbplus.ac.uk/kbplus/subscriptionDetails/index/11662,French Politics Culture and Society - Internet (SWETS),55573625,2014-01-01,2014-12-31
11663,https://www.kbplus.ac.uk/kbplus/subscriptionDetails/index/11663,Museum Worlds - Internet (SWETS),55661575,2014-01-01,2014-12-31
11664,https://www.kbplus.ac.uk/kbplus/subscriptionDetails/index/11664,Endoscopy - Internet (SWETS),55679903,2014-01-01,2014-12-31
11665,https://www.kbplus.ac.uk/kbplus/subscriptionDetails/index/11665,European Journal of Pediatric Surgery - Internet (SWETS),55679912,2014-01-01,2014-12-31
11666,https://www.kbplus.ac.uk/kbplus/subscriptionDetails/index/11666,Hormone and Metabolic Research - Internet (SWETS),55679938,2014-01-01,2014-12-31
11667,https://www.kbplus.ac.uk/kbplus/subscriptionDetails/index/11667,British Journal of General Practice - Internet (SWETS),55692357,2014-01-01,2014-12-31
11668,https://www.kbplus.ac.uk/kbplus/subscriptionDetails/index/11668,Journal of Immersion and Content Based Language Education - Internet (SWETS),55730224,2014-01-01,2014-12-31
11669,https://www.kbplus.ac.uk/kbplus/subscriptionDetails/index/11669,Journal of the Canadian Society for Coptic Studies - Internet (SWETS),55817125,2014-01-01,2014-12-31
11670,https://www.kbplus.ac.uk/kbplus/subscriptionDetails/index/11670,Public Affairs Quarterly - Internet (SWETS),55922239,2014-01-01,2014-12-31
11671,https://www.kbplus.ac.uk/kbplus/subscriptionDetails/index/11671,Mediaeval Journal - Internet (SWETS),55966325,2014-01-01,2014-12-31
11672,https://www.kbplus.ac.uk/kbplus/subscriptionDetails/index/11672,Medieval Sermon Studies - Internet (SWETS),55966333,2014-01-01,2014-12-31
11673,https://www.kbplus.ac.uk/kbplus/subscriptionDetails/index/11673,Proceedings and Addresses of the American Philosophical Association - Internet (SWETS),56702933,2014-01-01,2014-12-31
11674,https://www.kbplus.ac.uk/kbplus/subscriptionDetails/index/11674,Nuova Rivista di Letteratura Italiana - Internet (SWETS),56770972,2014-01-01,2014-12-31
11675,https://www.kbplus.ac.uk/kbplus/subscriptionDetails/index/11675,Journal of Bone and Joint Surgery - 1889-1995 Archive - One Time Purchase - Internet (SWETS),56771129,2014-01-01,2014-12-31
11676,https://www.kbplus.ac.uk/kbplus/subscriptionDetails/index/11676,Journal of Education Finance - Internet (SWETS),56776333,2014-01-07,2015-06-30
11677,https://www.kbplus.ac.uk/kbplus/subscriptionDetails/index/11677,Nottingham Medieval Studies - Full Archive - Internet (SWETS),56809797,2014-01-01,2014-12-31
11678,https://www.kbplus.ac.uk/kbplus/subscriptionDetails/index/11678,Nottingham Medieval Studies - Internet (SWETS),56809801,2014-01-01,2014-12-31
11679,https://www.kbplus.ac.uk/kbplus/subscriptionDetails/index/11679,Music and the Moving Image - Internet (SWETS),56839068,2014-01-01,2014-12-31
11680,https://www.kbplus.ac.uk/kbplus/subscriptionDetails/index/11680,Luxury - Internet (SWETS),56899338,2014-01-01,2014-12-31
11681,https://www.kbplus.ac.uk/kbplus/subscriptionDetails/index/11681,Journal of Medieval Monastic Studies - Internet (SWETS),56910714,2014-01-01,2014-12-31
11682,https://www.kbplus.ac.uk/kbplus/subscriptionDetails/index/11682,Australian and New Zealand Journal of Art - Internet (SWETS),56911257,2014-01-01,2014-12-31
11683,https://www.kbplus.ac.uk/kbplus/subscriptionDetails/index/11683,Children and Young People Now - Internet (SWETS),56920418,2014-10-02,2015-02-09
11684,https://www.kbplus.ac.uk/kbplus/subscriptionDetails/index/11684,HOPOS - Large Higher Education - Internet (SWETS),56938881,2014-01-01,2014-12-31
11685,https://www.kbplus.ac.uk/kbplus/subscriptionDetails/index/11685,Management Science - Internet (SWETS),56976677,2014-01-01,2014-12-31
11686,https://www.kbplus.ac.uk/kbplus/subscriptionDetails/index/11686,HSIR - Historical Studies in Industrial Relations - Internet (SWETS),57006591,2014-01-01,2014-12-31
11687,https://www.kbplus.ac.uk/kbplus/subscriptionDetails/index/11687,Cahiers Elisabethains - Biannual Journal of English Renaissance Studies - Internet (SWETS),57084932,2014-01-01,2014-12-31
11688,https://www.kbplus.ac.uk/kbplus/subscriptionDetails/index/11688,Choice Reviews Online - Academic Libraries - FTE 10000+ - Internet (SWETS),57168973,2014-01-06,2015-05-31
11689,https://www.kbplus.ac.uk/kbplus/subscriptionDetails/index/11689,I Tatti Studies in the Italian Renaissance - Higher Education Large - Internet (SWETS),57177964,2014-01-01,2014-12-31
11690,https://www.kbplus.ac.uk/kbplus/subscriptionDetails/index/11690,Journal of the History of Childhood and Youth - Internet (SWETS),57195695,2014-01-01,2014-12-31
11691,https://www.kbplus.ac.uk/kbplus/subscriptionDetails/index/11691,INFORMS Journal on Computing - Internet (SWETS),57237134,2014-01-01,2014-12-31
11692,https://www.kbplus.ac.uk/kbplus/subscriptionDetails/index/11692,Critical Historical Studies - Higher Education Large - Internet (SWETS),57246028,2014-01-01,2014-12-31
11693,https://www.kbplus.ac.uk/kbplus/subscriptionDetails/index/11693,Cultural and Social History - Journal of the Social History Society - Internet (SWETS),57276628,2014-01-01,2014-12-31
11694,https://www.kbplus.ac.uk/kbplus/subscriptionDetails/index/11694,International Journal of American Linguistics - Large Higher Education - Internet (SWETS),57276636,2014-01-01,2014-12-31
11695,https://www.kbplus.ac.uk/kbplus/subscriptionDetails/index/11695,International Review of Environmental and Resource Economics - Internet (SWETS),57276661,2014-01-01,2014-12-31
11696,https://www.kbplus.ac.uk/kbplus/subscriptionDetails/index/11696,China Media Research - Internet (SWETS),57276679,2014-01-01,2014-12-31
11697,https://www.kbplus.ac.uk/kbplus/subscriptionDetails/index/11697,Asia Policy - Internet (SWETS),57289436,2014-01-01,2014-12-31
11698,https://www.kbplus.ac.uk/kbplus/subscriptionDetails/index/11698,European Journal of Social Security - IP Access - Internet (SWETS),57291996,2014-01-07,2015-06-30
11699,https://www.kbplus.ac.uk/kbplus/subscriptionDetails/index/11699,Human Geography - Internet (SWETS),57292879,2014-01-01,2014-12-31
11700,https://www.kbplus.ac.uk/kbplus/subscriptionDetails/index/11700,Teachers College Record - Internet (SWETS),57292895,2014-01-01,2014-12-31
11701,https://www.kbplus.ac.uk/kbplus/subscriptionDetails/index/11701,New Perspectives on Turkey - Internet (SWETS),57297502,2014-01-01,2014-12-31
11702,https://www.kbplus.ac.uk/kbplus/subscriptionDetails/index/11702,Militargeschichtliche Zeitschrift - Internet (SWETS),57383297,2014-01-01,2014-12-31
11703,https://www.kbplus.ac.uk/kbplus/subscriptionDetails/index/11703,Canadian Journal of Chemistry - Site License - Internet (SWETS),57386857,2014-01-01,2014-12-31
11704,https://www.kbplus.ac.uk/kbplus/subscriptionDetails/index/11704,Medieval Low Countries - Internet (SWETS),57387900,2014-01-01,2014-12-31
11705,https://www.kbplus.ac.uk/kbplus/subscriptionDetails/index/11705,IRAL - International Review of Applied Linguistics in Language Teaching - Internet (SWETS),57409865,2014-01-01,2014-12-31
11706,https://www.kbplus.ac.uk/kbplus/subscriptionDetails/index/11706,Phytotaxa - Internet (SWETS),57411151,2014-01-01,2014-12-31
11707,https://www.kbplus.ac.uk/kbplus/subscriptionDetails/index/11707,Deutsches Dante Jahrbuch - Internet (SWETS),57411177,2014-01-01,2014-12-31
11708,https://www.kbplus.ac.uk/kbplus/subscriptionDetails/index/11708,Zeitschrift fur Naturforschung A - Journal of Physical Sciences - Internet (SWETS),57416896,2014-01-01,2014-12-31
11709,https://www.kbplus.ac.uk/kbplus/subscriptionDetails/index/11709,Zeitschrift fur Naturforschung B - Journal of Chemical Sciences - Internet (SWETS),57416900,2014-01-01,2014-12-31
11710,https://www.kbplus.ac.uk/kbplus/subscriptionDetails/index/11710,Critical Interventions - Journal of African Art and Visual Culture - Internet (SWETS),57416993,2014-01-01,2014-12-31
11711,https://www.kbplus.ac.uk/kbplus/subscriptionDetails/index/11711,Fruhmittelalterliche Studien - Jahrbuch des Instituts fur Fruhmittelalterforschung- Intern (SWETS),57417027,2014-01-01,2014-12-31
11712,https://www.kbplus.ac.uk/kbplus/subscriptionDetails/index/11712,Ancient History Bulletin - Internet (SWETS),57428461,2014-01-01,2014-12-31
11713,https://www.kbplus.ac.uk/kbplus/subscriptionDetails/index/11713,Kant Yearbook - Internet (SWETS),57430414,2014-01-01,2014-12-31
11714,https://www.kbplus.ac.uk/kbplus/subscriptionDetails/index/11714,Contemporary Pragmatism - Internet (SWETS),57431551,2014-01-01,2014-12-31
11715,https://www.kbplus.ac.uk/kbplus/subscriptionDetails/index/11715,Journal of Ancient Near Eastern History - Internet (SWETS),57443443,2014-01-01,2014-12-31
11716,https://www.kbplus.ac.uk/kbplus/subscriptionDetails/index/11716,World Policy Journal - Internet (SWETS),67995411,2014-01-01,2014-12-31
11717,https://www.kbplus.ac.uk/kbplus/subscriptionDetails/index/11717,Association for Language Learning - Complete Subscription - Internet (SWETS),88526313,2014-01-01,2014-12-31
